-- --------------------------------------------------------
-- Host:                         127.0.0.1
-- Versi칩n del servidor:         5.7.20-log - MySQL Community Server (GPL)
-- SO del servidor:              Win64
-- HeidiSQL Versi칩n:             9.4.0.5125
-- --------------------------------------------------------

/*!40101 SET @OLD_CHARACTER_SET_CLIENT=@@CHARACTER_SET_CLIENT */;
/*!40101 SET NAMES utf8 */;
/*!50503 SET NAMES utf8mb4 */;
/*!40014 SET @OLD_FOREIGN_KEY_CHECKS=@@FOREIGN_KEY_CHECKS, FOREIGN_KEY_CHECKS=0 */;
/*!40101 SET @OLD_SQL_MODE=@@SQL_MODE, SQL_MODE='NO_AUTO_VALUE_ON_ZERO' */;


-- Volcando estructura de base de datos para datapets
CREATE DATABASE IF NOT EXISTS `datapets` /*!40100 DEFAULT CHARACTER SET utf8 */;
USE `datapets`;

-- Volcando estructura para tabla datapets.actualizacion
CREATE TABLE IF NOT EXISTS `actualizacion` (
  `idActualizacion` int(11) NOT NULL AUTO_INCREMENT,
  `hora` time NOT NULL,
  `codigo` varchar(45) NOT NULL,
  `independiente` varchar(45) NOT NULL,
  `comentario_idcomentario` int(11) NOT NULL,
  `comentario_cliente_idcliente` int(11) NOT NULL,
  `independiente_ndocumento` int(11) NOT NULL,
  `independiente_membresia_idmembresia` int(11) NOT NULL,
  PRIMARY KEY (`idActualizacion`),
  KEY `fk_Actualizacion_comentario1_idx` (`comentario_idcomentario`,`comentario_cliente_idcliente`),
  KEY `fk_Actualizacion_independiente1_idx` (`independiente_ndocumento`,`independiente_membresia_idmembresia`),
  CONSTRAINT `fk_Actualizacion_comentario1` FOREIGN KEY (`comentario_idcomentario`, `comentario_cliente_idcliente`) REFERENCES `comentario` (`idcomentario`, `cliente_idcliente`) ON DELETE NO ACTION ON UPDATE NO ACTION,
  CONSTRAINT `fk_Actualizacion_independiente1` FOREIGN KEY (`independiente_ndocumento`, `independiente_membresia_idmembresia`) REFERENCES `independiente` (`idindependiente`, `membresia_idmembresia`) ON DELETE NO ACTION ON UPDATE NO ACTION
) ENGINE=InnoDB DEFAULT CHARSET=utf8;

-- Volcando datos para la tabla datapets.actualizacion: ~0 rows (aproximadamente)
/*!40000 ALTER TABLE `actualizacion` DISABLE KEYS */;
/*!40000 ALTER TABLE `actualizacion` ENABLE KEYS */;

-- Volcando estructura para tabla datapets.categorias
CREATE TABLE IF NOT EXISTS `categorias` (
  `idcategorias` int(11) NOT NULL AUTO_INCREMENT,
  `tipo_categorias` varchar(45) NOT NULL,
  `categoria` varchar(45) NOT NULL,
  PRIMARY KEY (`idcategorias`)
) ENGINE=InnoDB AUTO_INCREMENT=4 DEFAULT CHARSET=utf8;

-- Volcando datos para la tabla datapets.categorias: ~3 rows (aproximadamente)
/*!40000 ALTER TABLE `categorias` DISABLE KEYS */;
INSERT INTO `categorias` (`idcategorias`, `tipo_categorias`, `categoria`) VALUES
	(1, 'servicios hogar', 'plomeria'),
	(2, 'Software', 'Dise침o Web'),
	(3, 'Construcion', 'oficial');
/*!40000 ALTER TABLE `categorias` ENABLE KEYS */;

-- Volcando estructura para tabla datapets.citas
CREATE TABLE IF NOT EXISTS `citas` (
  `ID_CITA` bigint(20) NOT NULL AUTO_INCREMENT,
  `NUMERO_CITA` varchar(7) NOT NULL,
  `FECHA_CITA` datetime NOT NULL,
  `ID_SERVICIO_CITA` int(11) DEFAULT NULL,
  `ESTADO_CITA` char(2) DEFAULT NULL,
  `FECHA_CREACION` datetime DEFAULT NULL,
  `USUARIO_CREACION` varchar(15) DEFAULT NULL,
  `ID_CLIENTE` bigint(20) NOT NULL,
  PRIMARY KEY (`ID_CITA`),
  KEY `FK_citas_tipos_citas` (`ID_SERVICIO_CITA`),
  KEY `FK_citas_clientes` (`ID_CLIENTE`),
  CONSTRAINT `FK_citas_clientes` FOREIGN KEY (`ID_CLIENTE`) REFERENCES `clientes` (`ID_CLIENTE`),
  CONSTRAINT `FK_citas_tipos_citas` FOREIGN KEY (`ID_SERVICIO_CITA`) REFERENCES `tipos_citas` (`ID_TIPO_CITA`)
) ENGINE=InnoDB AUTO_INCREMENT=4 DEFAULT CHARSET=utf8;

-- Volcando datos para la tabla datapets.citas: ~3 rows (aproximadamente)
/*!40000 ALTER TABLE `citas` DISABLE KEYS */;
INSERT INTO `citas` (`ID_CITA`, `NUMERO_CITA`, `FECHA_CITA`, `ID_SERVICIO_CITA`, `ESTADO_CITA`, `FECHA_CREACION`, `USUARIO_CREACION`, `ID_CLIENTE`) VALUES
	(1, '3', '2017-11-25 06:30:00', 3, 'XX', '2017-11-19 18:02:15', '1', 25),
	(2, '5', '2017-12-01 00:30:00', 1, 'XX', NULL, NULL, 25),
	(3, '6', '2017-12-09 06:00:00', 1, 'A', NULL, NULL, 67);
/*!40000 ALTER TABLE `citas` ENABLE KEYS */;

-- Volcando estructura para tabla datapets.cliente
CREATE TABLE IF NOT EXISTS `cliente` (
  `idcliente` int(11) NOT NULL AUTO_INCREMENT,
  `primer_nombre` varchar(45) NOT NULL,
  `segundo_nombre` varchar(45) NOT NULL,
  `primer_apellido` varchar(45) NOT NULL,
  `segundo_apellido` varchar(45) NOT NULL,
  `telefono` int(11) NOT NULL,
  `correo` varchar(45) NOT NULL,
  `usuario` varchar(10) NOT NULL,
  `password` varchar(100) NOT NULL,
  `rol_idrol` int(11) NOT NULL,
  PRIMARY KEY (`idcliente`),
  KEY `fk_cliente_rol1_idx` (`rol_idrol`),
  CONSTRAINT `fk_cliente_rol1` FOREIGN KEY (`rol_idrol`) REFERENCES `rol` (`idrol`) ON DELETE NO ACTION ON UPDATE NO ACTION
) ENGINE=InnoDB AUTO_INCREMENT=5 DEFAULT CHARSET=utf8;

-- Volcando datos para la tabla datapets.cliente: ~2 rows (aproximadamente)
/*!40000 ALTER TABLE `cliente` DISABLE KEYS */;
INSERT INTO `cliente` (`idcliente`, `primer_nombre`, `segundo_nombre`, `primer_apellido`, `segundo_apellido`, `telefono`, `correo`, `usuario`, `password`, `rol_idrol`) VALUES
	(3, 'maria', 'eugenia', 'cordoba', 'palacios', 5844821, 'mari@gmail.com', 'mari', '123', 2),
	(4, 'sofia', 'sofia', 'moreno', 'orozco', 12345, 'sofia@gmail.com', '', '123', 2);
/*!40000 ALTER TABLE `cliente` ENABLE KEYS */;

-- Volcando estructura para tabla datapets.clientes
CREATE TABLE IF NOT EXISTS `clientes` (
  `ID_CLIENTE` bigint(20) NOT NULL AUTO_INCREMENT,
  `CODIGO_TIPO_DOCUMENTO_CLIENTE` varchar(2) DEFAULT NULL,
  `NUMERO_IDENTIFICACION_CLIENTE` int(15) NOT NULL,
  `PRIMER_NOMBRE_CLIENTE` varchar(20) DEFAULT NULL,
  `OTROS_NOMBRES_CLIENTE` varchar(20) DEFAULT NULL,
  `PRIMER_APELLIDO_CLIENTE` varchar(20) DEFAULT NULL,
  `SEGUNDO_APELLIDO_CLIENTE` varchar(20) DEFAULT NULL,
  `RAZON_SOCIAL_CLIENTE` varchar(50) DEFAULT NULL,
  `TELEFONO_CLIENTE` varchar(20) DEFAULT NULL,
  `CELULAR_CLIENTE` varchar(20) DEFAULT NULL,
  `DIRECCION_CLIENTE` varchar(80) DEFAULT NULL,
  `EMAIL_CLIENTE` varchar(80) DEFAULT NULL,
  `FAX_CLIENTE` varchar(20) DEFAULT NULL,
  `CODIGO_PAIS` varchar(3) DEFAULT NULL,
  `CODIGO_MUNICIPIO` char(39) DEFAULT NULL,
  `FECHA_CREACION` datetime DEFAULT CURRENT_TIMESTAMP,
  PRIMARY KEY (`ID_CLIENTE`),
  KEY `FK_clientes_paises` (`CODIGO_PAIS`),
  KEY `FK_clientes_municipios` (`CODIGO_MUNICIPIO`),
  CONSTRAINT `FK_clientes_municipios` FOREIGN KEY (`CODIGO_MUNICIPIO`) REFERENCES `municipios` (`CODIGO_MUNICIPIO`),
  CONSTRAINT `FK_clientes_paises` FOREIGN KEY (`CODIGO_PAIS`) REFERENCES `paises` (`CODIGO_PAIS`)
) ENGINE=InnoDB AUTO_INCREMENT=69 DEFAULT CHARSET=utf8;

-- Volcando datos para la tabla datapets.clientes: ~11 rows (aproximadamente)
/*!40000 ALTER TABLE `clientes` DISABLE KEYS */;
INSERT INTO `clientes` (`ID_CLIENTE`, `CODIGO_TIPO_DOCUMENTO_CLIENTE`, `NUMERO_IDENTIFICACION_CLIENTE`, `PRIMER_NOMBRE_CLIENTE`, `OTROS_NOMBRES_CLIENTE`, `PRIMER_APELLIDO_CLIENTE`, `SEGUNDO_APELLIDO_CLIENTE`, `RAZON_SOCIAL_CLIENTE`, `TELEFONO_CLIENTE`, `CELULAR_CLIENTE`, `DIRECCION_CLIENTE`, `EMAIL_CLIENTE`, `FAX_CLIENTE`, `CODIGO_PAIS`, `CODIGO_MUNICIPIO`, `FECHA_CREACION`) VALUES
	(25, 'cc', 9999999, 'Jefferson', 'Antonio', 'Palacios ', 'Torres', 'Razon Social', '4648895', '3108290649', 'Calle 112 # 77 D - 01', 'jefferson308@hotmail.com', '', 'AG', '20011', NULL),
	(26, 'cc', 888888, 'Jefferson', 'Prueba', 'DataPets', '2017', 'Proyecto DataPets', '7548695', '3245689888', 'Cra 77 D', 'jefferson308@hotmail.com', '', 'CO', '05002', NULL),
	(27, 'cc', 9999997, 'Pedro', 'Andres', 'Palacios', 'Torres', 'Prueba', '4648895', '3108290649', 'Cra 88 # 55 A', '', '', 'CO', '05001', NULL),
	(47, 'cc', 60000, 'jajaja', 'jejejejej', 'jojojojo', '', '', '', '', '', '', '', 'CO', '05001', NULL),
	(51, 'cc', 16565656, 'ddddsss', 'xxxxx', '', '', '', '', '', '', '', '', 'ZW', '05036', NULL),
	(52, 'cc', 25666, 'aasasa', 'ssdsdsds', 'dsssdssd', '', '', '', '', '', '', '', 'CO', '05001', NULL),
	(53, 'cc', 66885, 'asas', 'saddsd', '', '', '', '', '', '', '', '', 'CO', '05036', NULL),
	(54, 'cc', 656894, 'Pruebaaa', 'as', '', '', '', '', '', '', '', '', 'BR', '05036', NULL),
	(65, 'cc', 99990, 'sasas', 'sasas', 'aa', '', '', '', '', '', '', '', 'CO', '05036', NULL),
	(67, 'cc', 656510, 'Jefferson', 'Antonio', 'Jajajaja', 'Torres', '', '', '', '', '', '', 'CO', '05036', NULL),
	(68, 'cc', 32565145, 'sdsdsfsdfsD', 'SDFSDFCSDJ', 'H', 'H', 'HJG', 'SDSD', '', 'SDSDS', '', '', 'AG', '41006', NULL);
/*!40000 ALTER TABLE `clientes` ENABLE KEYS */;

-- Volcando estructura para tabla datapets.comentario
CREATE TABLE IF NOT EXISTS `comentario` (
  `idcomentario` int(11) NOT NULL AUTO_INCREMENT,
  `hora` varchar(45) NOT NULL,
  `actualizacion` varchar(50) NOT NULL,
  `codigo` varchar(40) NOT NULL,
  `cliente_idcliente` int(11) NOT NULL,
  `reputacion_idreputacion` int(11) NOT NULL,
  PRIMARY KEY (`idcomentario`,`cliente_idcliente`),
  KEY `fk_comentario_cliente1_idx` (`cliente_idcliente`),
  KEY `fk_comentario_reputacion1_idx` (`reputacion_idreputacion`),
  CONSTRAINT `fk_comentario_cliente1` FOREIGN KEY (`cliente_idcliente`) REFERENCES `cliente` (`idcliente`) ON DELETE NO ACTION ON UPDATE NO ACTION,
  CONSTRAINT `fk_comentario_reputacion1` FOREIGN KEY (`reputacion_idreputacion`) REFERENCES `reputacion` (`idreputacion`) ON DELETE NO ACTION ON UPDATE NO ACTION
) ENGINE=InnoDB DEFAULT CHARSET=utf8;

-- Volcando datos para la tabla datapets.comentario: ~0 rows (aproximadamente)
/*!40000 ALTER TABLE `comentario` DISABLE KEYS */;
/*!40000 ALTER TABLE `comentario` ENABLE KEYS */;

-- Volcando estructura para tabla datapets.cotizacion
CREATE TABLE IF NOT EXISTS `cotizacion` (
  `idcotizacion` int(11) NOT NULL AUTO_INCREMENT,
  `independiente` varchar(45) NOT NULL,
  `categoria` varchar(45) NOT NULL,
  `servicio` varchar(45) NOT NULL,
  `cliente` varchar(45) NOT NULL,
  `fecha` varchar(45) NOT NULL,
  `descripci칩n` varchar(45) NOT NULL,
  `direccion` varchar(45) DEFAULT NULL,
  `valor_hora` int(11) DEFAULT NULL,
  `valor_bruto` int(11) DEFAULT NULL,
  `valor_total` int(11) NOT NULL,
  `cliente_idcliente` int(11) NOT NULL,
  PRIMARY KEY (`idcotizacion`),
  KEY `fk_cotizacion_cliente1_idx` (`cliente_idcliente`),
  CONSTRAINT `fk_cotizacion_cliente1` FOREIGN KEY (`cliente_idcliente`) REFERENCES `cliente` (`idcliente`) ON DELETE NO ACTION ON UPDATE NO ACTION
) ENGINE=InnoDB DEFAULT CHARSET=utf8;

-- Volcando datos para la tabla datapets.cotizacion: ~0 rows (aproximadamente)
/*!40000 ALTER TABLE `cotizacion` DISABLE KEYS */;
/*!40000 ALTER TABLE `cotizacion` ENABLE KEYS */;

-- Volcando estructura para tabla datapets.cursos
CREATE TABLE IF NOT EXISTS `cursos` (
  `idcursos` int(11) NOT NULL AUTO_INCREMENT,
  `nombre` varchar(45) NOT NULL,
  `categoria` varchar(45) NOT NULL,
  `independiente_ndocumento` int(11) NOT NULL,
  `independiente_membresia_idmembresia` int(11) NOT NULL,
  PRIMARY KEY (`idcursos`,`independiente_ndocumento`,`independiente_membresia_idmembresia`),
  KEY `fk_cursos_independiente1_idx` (`independiente_ndocumento`,`independiente_membresia_idmembresia`),
  CONSTRAINT `fk_cursos_independiente1` FOREIGN KEY (`independiente_ndocumento`, `independiente_membresia_idmembresia`) REFERENCES `independiente` (`idindependiente`, `membresia_idmembresia`) ON DELETE NO ACTION ON UPDATE NO ACTION
) ENGINE=InnoDB DEFAULT CHARSET=utf8;

-- Volcando datos para la tabla datapets.cursos: ~0 rows (aproximadamente)
/*!40000 ALTER TABLE `cursos` DISABLE KEYS */;
/*!40000 ALTER TABLE `cursos` ENABLE KEYS */;

-- Volcando estructura para tabla datapets.departamento
CREATE TABLE IF NOT EXISTS `departamento` (
  `iddepartamento` int(11) NOT NULL,
  `municipio_idmunicipio` int(11) NOT NULL,
  PRIMARY KEY (`iddepartamento`),
  KEY `fk_departamento_municipio1_idx` (`municipio_idmunicipio`),
  CONSTRAINT `fk_departamento_municipio1` FOREIGN KEY (`municipio_idmunicipio`) REFERENCES `municipio` (`idmunicipio`) ON DELETE NO ACTION ON UPDATE NO ACTION
) ENGINE=InnoDB DEFAULT CHARSET=utf8;

-- Volcando datos para la tabla datapets.departamento: ~0 rows (aproximadamente)
/*!40000 ALTER TABLE `departamento` DISABLE KEYS */;
/*!40000 ALTER TABLE `departamento` ENABLE KEYS */;

-- Volcando estructura para tabla datapets.empleados
CREATE TABLE IF NOT EXISTS `empleados` (
  `ID_EMPLEADO` bigint(20) NOT NULL AUTO_INCREMENT,
  `CODIGO_TIPO_DOCUMENTO_EMPLEADO` varchar(2) DEFAULT NULL,
  `NUMERO_IDENTIFICACION_EMPLEADO` int(15) NOT NULL,
  `PRIMER_NOMBRE_EMPLEADO` varchar(20) NOT NULL,
  `OTROS_NOMBRES_EMPLEADO` varchar(20) NOT NULL,
  `PRIMER_APELLIDO_EMPLEADO` varchar(20) NOT NULL,
  `SEGUNDO_APELLIDO_EMPLEADO` varchar(20) NOT NULL,
  `TELEFONO_EMPLEADO` varchar(20) DEFAULT NULL,
  `CELULAR_EMPLEADO` varchar(20) DEFAULT NULL,
  `DIRECCION_EMPLEADO` varchar(20) DEFAULT NULL,
  `EMAIL_EMPLEADO` varchar(60) DEFAULT NULL,
  `FAX_EMPLEADO` varchar(20) DEFAULT NULL,
  `CODIGO_PAIS` varchar(3) DEFAULT NULL,
  `CODIGO_MUNICIPIO` char(39) DEFAULT NULL,
  `FECHA_CREACION` datetime DEFAULT NULL,
  PRIMARY KEY (`ID_EMPLEADO`)
) ENGINE=InnoDB AUTO_INCREMENT=15 DEFAULT CHARSET=utf8;

-- Volcando datos para la tabla datapets.empleados: ~11 rows (aproximadamente)
/*!40000 ALTER TABLE `empleados` DISABLE KEYS */;
INSERT INTO `empleados` (`ID_EMPLEADO`, `CODIGO_TIPO_DOCUMENTO_EMPLEADO`, `NUMERO_IDENTIFICACION_EMPLEADO`, `PRIMER_NOMBRE_EMPLEADO`, `OTROS_NOMBRES_EMPLEADO`, `PRIMER_APELLIDO_EMPLEADO`, `SEGUNDO_APELLIDO_EMPLEADO`, `TELEFONO_EMPLEADO`, `CELULAR_EMPLEADO`, `DIRECCION_EMPLEADO`, `EMAIL_EMPLEADO`, `FAX_EMPLEADO`, `CODIGO_PAIS`, `CODIGO_MUNICIPIO`, `FECHA_CREACION`) VALUES
	(1, 'cc', 987654321, 'Jefferson', '', 'Palacios', 'Torres', '4646', '3108290649', 'Cra 77 D - 01 ', '', '', 'SA', '05001', NULL),
	(3, 'cc', 22223333, 'Jefferson', 'Antonio', 'Jajajaja', 'Torres', '', '', '', '', '', 'BR', '05001', NULL),
	(4, 'cc', 9999999, 'Pruebaaa', 'sdsd', 'dsdsd', 'dsdsd', '7548695', '', 'Calle 112 ', '', '', 'CO', '05002', NULL),
	(5, 'cc', 45454, 'dsdsd', 'dsds', 'dsdsd', 'sdsd', '', '3108290649', '', '', '', 'CO', '05036', NULL),
	(6, 'rc', 214545, 'dsdsd', 'sdsfsefsg', 'dasdasda', 'dsadsada', '', '', '', '', '', 'AR', '05036', NULL),
	(7, 'cc', 865652, 'VANESA', 'asasas', 'sasasa', 'sasasa', '', '', '', '', '', 'AG', '41006', NULL),
	(9, 'cc', 547122, 'DAHIANA', '', '', '', NULL, NULL, NULL, NULL, NULL, NULL, NULL, NULL),
	(10, 'cc', 54547622, 'VANESA', '', '', '', NULL, NULL, NULL, NULL, NULL, NULL, NULL, NULL),
	(12, 'cc', 2147483647, 'ANTONIO', '', '', '', NULL, NULL, NULL, NULL, NULL, NULL, NULL, NULL),
	(13, 'cc', 2147483647, 'JORGE', 'sdsfsefsg', '', '', '', '', '', '', '', 'AN', '05001', NULL),
	(14, 'cc', 45454, 'dsdsd', 'sdsd', 'dasdasda', 'dsdsd', '', '', 'Calle 112 ', '', '', 'AR', '27006', NULL);
/*!40000 ALTER TABLE `empleados` ENABLE KEYS */;

-- Volcando estructura para tabla datapets.estado_cuenta
CREATE TABLE IF NOT EXISTS `estado_cuenta` (
  `idestado_cuenta` int(11) NOT NULL AUTO_INCREMENT,
  `membresia` int(11) NOT NULL,
  `tipo_membresia` varchar(45) NOT NULL,
  `estado_pago` varchar(45) NOT NULL,
  `membresia_idmembresia` int(11) NOT NULL,
  PRIMARY KEY (`idestado_cuenta`),
  KEY `fk_estado_cuenta_membresia1_idx` (`membresia_idmembresia`),
  CONSTRAINT `fk_estado_cuenta_membresia1` FOREIGN KEY (`membresia_idmembresia`) REFERENCES `membresia` (`idmembresia`) ON DELETE NO ACTION ON UPDATE NO ACTION
) ENGINE=InnoDB DEFAULT CHARSET=utf8;

-- Volcando datos para la tabla datapets.estado_cuenta: ~0 rows (aproximadamente)
/*!40000 ALTER TABLE `estado_cuenta` DISABLE KEYS */;
/*!40000 ALTER TABLE `estado_cuenta` ENABLE KEYS */;

-- Volcando estructura para tabla datapets.factura
CREATE TABLE IF NOT EXISTS `factura` (
  `idfactura` int(11) NOT NULL AUTO_INCREMENT,
  `codigo` int(11) DEFAULT NULL,
  `independiente` varchar(45) NOT NULL,
  `servicio` varchar(45) NOT NULL,
  `categoria` varchar(45) NOT NULL,
  `valor_bruto` int(11) DEFAULT NULL,
  `valor_neto` int(11) NOT NULL,
  `fecha` date NOT NULL,
  `estado_pago` varchar(20) NOT NULL,
  `estado_cuenta_idestado_cuenta` int(11) NOT NULL,
  PRIMARY KEY (`idfactura`),
  KEY `fk_factura_estado_cuenta1_idx` (`estado_cuenta_idestado_cuenta`),
  CONSTRAINT `fk_factura_estado_cuenta1` FOREIGN KEY (`estado_cuenta_idestado_cuenta`) REFERENCES `estado_cuenta` (`idestado_cuenta`) ON DELETE NO ACTION ON UPDATE NO ACTION
) ENGINE=InnoDB DEFAULT CHARSET=utf8;

-- Volcando datos para la tabla datapets.factura: ~0 rows (aproximadamente)
/*!40000 ALTER TABLE `factura` DISABLE KEYS */;
/*!40000 ALTER TABLE `factura` ENABLE KEYS */;

-- Volcando estructura para tabla datapets.imagenes_independiente
CREATE TABLE IF NOT EXISTS `imagenes_independiente` (
  `idimagenes_independiente` int(11) NOT NULL AUTO_INCREMENT,
  `nombre` varchar(45) NOT NULL,
  `servicio` varchar(45) NOT NULL,
  `imagen` varchar(200) NOT NULL,
  `independiente_ndocumento` int(11) NOT NULL,
  PRIMARY KEY (`idimagenes_independiente`),
  KEY `fk_imagenes_independiente_independiente1_idx` (`independiente_ndocumento`),
  CONSTRAINT `fk_imagenes_independiente_independiente1` FOREIGN KEY (`independiente_ndocumento`) REFERENCES `independiente` (`idindependiente`) ON DELETE NO ACTION ON UPDATE NO ACTION
) ENGINE=InnoDB DEFAULT CHARSET=utf8;

-- Volcando datos para la tabla datapets.imagenes_independiente: ~0 rows (aproximadamente)
/*!40000 ALTER TABLE `imagenes_independiente` DISABLE KEYS */;
/*!40000 ALTER TABLE `imagenes_independiente` ENABLE KEYS */;

-- Volcando estructura para tabla datapets.independiente
CREATE TABLE IF NOT EXISTS `independiente` (
  `idindependiente` int(13) NOT NULL AUTO_INCREMENT,
  `tipo_documento` varchar(40) NOT NULL,
  `nombres` varchar(45) NOT NULL,
  `apellidos` varchar(45) NOT NULL,
  `fecha_nacimiento` varchar(12) NOT NULL,
  `fecha_expedicion` varchar(12) NOT NULL,
  `correo` varchar(50) NOT NULL,
  `telefono` int(11) NOT NULL,
  `celular` int(11) NOT NULL,
  `direccion` varchar(45) NOT NULL,
  `ocupacion` varchar(45) NOT NULL,
  `pais_residencia` varchar(50) NOT NULL,
  `departamento_residencia` varchar(50) NOT NULL,
  `ciudad_residencia` varchar(50) NOT NULL,
  `referencia_personal1` varchar(80) NOT NULL,
  `referencia_personal2` varchar(80) NOT NULL,
  `referencia_ocupacional1` varchar(80) NOT NULL,
  `referencia_ocupacional2` varchar(80) NOT NULL,
  `num_personal1` int(11) NOT NULL,
  `num_personal2` int(11) NOT NULL,
  `num_ocupacional1` int(11) NOT NULL,
  `num_ocupacional2` int(11) NOT NULL,
  `pass` varchar(15) NOT NULL,
  `foto_perfil` varchar(200) NOT NULL,
  `nombre_foto` varchar(30) NOT NULL,
  `rol_idrol` int(11) NOT NULL,
  `reputacion_idreputacion` int(11) NOT NULL,
  `membresia_idmembresia` int(11) NOT NULL,
  `categorias_idcategorias` int(11) NOT NULL,
  PRIMARY KEY (`idindependiente`,`membresia_idmembresia`),
  KEY `fk_independiente_rol1_idx` (`rol_idrol`),
  KEY `fk_independiente_reputacion1_idx` (`reputacion_idreputacion`),
  KEY `fk_independiente_membresia1_idx` (`membresia_idmembresia`),
  KEY `fk_independiente_categorias1_idx` (`categorias_idcategorias`),
  CONSTRAINT `fk_independiente_categorias1` FOREIGN KEY (`categorias_idcategorias`) REFERENCES `categorias` (`idcategorias`) ON DELETE NO ACTION ON UPDATE NO ACTION,
  CONSTRAINT `fk_independiente_membresia1` FOREIGN KEY (`membresia_idmembresia`) REFERENCES `membresia` (`idmembresia`) ON DELETE NO ACTION ON UPDATE NO ACTION,
  CONSTRAINT `fk_independiente_reputacion1` FOREIGN KEY (`reputacion_idreputacion`) REFERENCES `reputacion` (`idreputacion`) ON DELETE NO ACTION ON UPDATE NO ACTION,
  CONSTRAINT `fk_independiente_rol1` FOREIGN KEY (`rol_idrol`) REFERENCES `rol` (`idrol`) ON DELETE NO ACTION ON UPDATE NO ACTION
) ENGINE=InnoDB AUTO_INCREMENT=41 DEFAULT CHARSET=utf8;

-- Volcando datos para la tabla datapets.independiente: ~10 rows (aproximadamente)
/*!40000 ALTER TABLE `independiente` DISABLE KEYS */;
INSERT INTO `independiente` (`idindependiente`, `tipo_documento`, `nombres`, `apellidos`, `fecha_nacimiento`, `fecha_expedicion`, `correo`, `telefono`, `celular`, `direccion`, `ocupacion`, `pais_residencia`, `departamento_residencia`, `ciudad_residencia`, `referencia_personal1`, `referencia_personal2`, `referencia_ocupacional1`, `referencia_ocupacional2`, `num_personal1`, `num_personal2`, `num_ocupacional1`, `num_ocupacional2`, `pass`, `foto_perfil`, `nombre_foto`, `rol_idrol`, `reputacion_idreputacion`, `membresia_idmembresia`, `categorias_idcategorias`) VALUES
	(30, '', 'Fredy', 'Moreno', '', '', 'famocor@hotmail.com', 1, 1, '', '', '', '', '', '', '', '', '', 1, 1, 1, 1, '123', '../imgperfiles/cardio.png', 'cardio.png', 1, 1, 1, 1),
	(31, '', 'Kateryne', 'Orozco', '', '', 'kateryne2555@gmail.com', 1, 1, '', '', '', '', 'Envigado', '', '', '', '', 1, 1, 1, 1, '123', '../imgperfiles/bigote.jpg', 'bigote.jpg', 1, 1, 2, 1),
	(33, '', 'juan', 'moreno', '', '', 'juandamoreno@hotmail.com', 1, 1, '', '', '', '', '', '', '', '', '', 1, 1, 1, 1, '123456', '../imgperfiles/caballero.png', 'caballero.png', 1, 1, 2, 2),
	(34, '', 'juan david', 'Moreno', '', '', 'jjmoreno@hotmail.com', 1, 1, '', '', '', '', '', '', '', '', '', 1, 1, 1, 1, '123', '../imgperfiles/TeOcupo2.png', 'TeOcupo2.png', 1, 1, 2, 2),
	(35, '', 'juan david', 'Moreno', '', '', 'jjmoreno@hotmail.com', 1, 1, '', '', '', '', '', '', '', '', '', 1, 1, 1, 1, '123', '../imgperfiles/TeOcupo2.png', 'TeOcupo2.png', 1, 1, 2, 2),
	(36, '', 'eliseo', 'cuello', '', '', 'ff@h.com', 1, 1, '', '', '', '', '', '', '', '', '', 1, 1, 1, 1, '123', '../imgperfiles/DIAS_DE_SPA.jpg', 'DIAS_DE_SPA.jpg', 1, 1, 2, 2),
	(37, '', 'samir', 'casiani', '', '', 'samir@gmail.com', 1, 1, '', '', '', '', '', '', '', '', '', 1, 1, 1, 1, '123', '../imgperfiles/38.jpg', '38.jpg', 1, 1, 2, 2),
	(38, '', 'jose', 'montoya', '', '', 'jezzy@gmail.com', 1, 1, '', '', '', '', 'medellin', '', '', '', '', 1, 1, 1, 1, '123', '../imgperfiles/38.jpg', '38.jpg', 1, 1, 2, 1),
	(39, '', 'jose', 'montoya', '', '', 'jezzy@gmail.com', 1, 1, '', '', '', '', 'medellin', '', '', '', '', 1, 1, 1, 1, '122', '../imgperfiles/75.jpg', '75.jpg', 1, 1, 2, 1),
	(40, '', 'Kateryne', 'Orozco Cifuentes', '', '', 'kate@gmail.com', 1, 1, '', '', '', '', 'medellin', '', '', '', '', 1, 1, 1, 1, '123', '../imgperfiles/3.jpg', '3.jpg', 1, 1, 1, 2);
/*!40000 ALTER TABLE `independiente` ENABLE KEYS */;

-- Volcando estructura para tabla datapets.membresia
CREATE TABLE IF NOT EXISTS `membresia` (
  `idmembresia` int(11) NOT NULL AUTO_INCREMENT,
  `membresia` varchar(45) NOT NULL,
  `tipo_membresia` varchar(45) NOT NULL,
  PRIMARY KEY (`idmembresia`)
) ENGINE=InnoDB AUTO_INCREMENT=5 DEFAULT CHARSET=utf8;

-- Volcando datos para la tabla datapets.membresia: ~4 rows (aproximadamente)
/*!40000 ALTER TABLE `membresia` DISABLE KEYS */;
INSERT INTO `membresia` (`idmembresia`, `membresia`, `tipo_membresia`) VALUES
	(1, '1', 'oro'),
	(2, '2', 'plata'),
	(3, '3', 'bronce'),
	(4, '4', 'free');
/*!40000 ALTER TABLE `membresia` ENABLE KEYS */;

-- Volcando estructura para tabla datapets.miscategorias
CREATE TABLE IF NOT EXISTS `miscategorias` (
  `idmiscategorias` int(11) NOT NULL AUTO_INCREMENT,
  `independiente_ndocumento` int(11) NOT NULL,
  `categorias_idcategorias` int(11) NOT NULL,
  PRIMARY KEY (`idmiscategorias`),
  KEY `fk_miscategorias_independiente1_idx` (`independiente_ndocumento`),
  KEY `fk_miscategorias_categorias1_idx` (`categorias_idcategorias`),
  CONSTRAINT `fk_miscategorias_categorias1` FOREIGN KEY (`categorias_idcategorias`) REFERENCES `categorias` (`idcategorias`) ON DELETE NO ACTION ON UPDATE NO ACTION,
  CONSTRAINT `fk_miscategorias_independiente1` FOREIGN KEY (`independiente_ndocumento`) REFERENCES `independiente` (`idindependiente`) ON DELETE NO ACTION ON UPDATE NO ACTION
) ENGINE=InnoDB DEFAULT CHARSET=utf8;

-- Volcando datos para la tabla datapets.miscategorias: ~0 rows (aproximadamente)
/*!40000 ALTER TABLE `miscategorias` DISABLE KEYS */;
/*!40000 ALTER TABLE `miscategorias` ENABLE KEYS */;

-- Volcando estructura para tabla datapets.misfotos
CREATE TABLE IF NOT EXISTS `misfotos` (
  `idmisfotos` int(11) NOT NULL AUTO_INCREMENT,
  `ruta` varchar(100) NOT NULL,
  `tipo_foto` varchar(20) NOT NULL,
  `imagen` varchar(200) NOT NULL,
  `fecha` varchar(45) NOT NULL,
  `codigo` varchar(10) NOT NULL,
  `servicio_idservicio` int(11) NOT NULL,
  `independiente_ndocumento` int(11) NOT NULL,
  PRIMARY KEY (`idmisfotos`),
  KEY `fk_misfotos_independiente1_idx` (`independiente_ndocumento`),
  KEY `servicio_idservicio` (`servicio_idservicio`),
  CONSTRAINT `fk_misfotos_independiente1` FOREIGN KEY (`independiente_ndocumento`) REFERENCES `independiente` (`idindependiente`) ON DELETE NO ACTION ON UPDATE NO ACTION,
  CONSTRAINT `fk_misfotos_servicio1` FOREIGN KEY (`servicio_idservicio`) REFERENCES `servicio` (`idservicio`) ON DELETE NO ACTION ON UPDATE NO ACTION
) ENGINE=InnoDB DEFAULT CHARSET=utf8;

-- Volcando datos para la tabla datapets.misfotos: ~0 rows (aproximadamente)
/*!40000 ALTER TABLE `misfotos` DISABLE KEYS */;
/*!40000 ALTER TABLE `misfotos` ENABLE KEYS */;

-- Volcando estructura para tabla datapets.municipio
CREATE TABLE IF NOT EXISTS `municipio` (
  `idmunicipio` int(11) NOT NULL,
  `independiente_ndocumento` int(11) NOT NULL,
  `estado_cuenta_idestado_cuenta` int(11) NOT NULL,
  PRIMARY KEY (`idmunicipio`,`estado_cuenta_idestado_cuenta`),
  KEY `fk_municipio_independiente1_idx` (`independiente_ndocumento`),
  KEY `fk_municipio_estado_cuenta1_idx` (`estado_cuenta_idestado_cuenta`),
  CONSTRAINT `fk_municipio_estado_cuenta1` FOREIGN KEY (`estado_cuenta_idestado_cuenta`) REFERENCES `estado_cuenta` (`idestado_cuenta`) ON DELETE NO ACTION ON UPDATE NO ACTION,
  CONSTRAINT `fk_municipio_independiente1` FOREIGN KEY (`independiente_ndocumento`) REFERENCES `independiente` (`idindependiente`) ON DELETE NO ACTION ON UPDATE NO ACTION
) ENGINE=InnoDB DEFAULT CHARSET=utf8;

-- Volcando datos para la tabla datapets.municipio: ~0 rows (aproximadamente)
/*!40000 ALTER TABLE `municipio` DISABLE KEYS */;
/*!40000 ALTER TABLE `municipio` ENABLE KEYS */;

-- Volcando estructura para tabla datapets.municipios
CREATE TABLE IF NOT EXISTS `municipios` (
  `CODIGO_MUNICIPIO` char(39) NOT NULL,
  `NOMBRE_MUNICIPIO` varchar(50) NOT NULL,
  PRIMARY KEY (`CODIGO_MUNICIPIO`)
) ENGINE=InnoDB DEFAULT CHARSET=utf8;

-- Volcando datos para la tabla datapets.municipios: ~1,132 rows (aproximadamente)
/*!40000 ALTER TABLE `municipios` DISABLE KEYS */;
INSERT INTO `municipios` (`CODIGO_MUNICIPIO`, `NOMBRE_MUNICIPIO`) VALUES
	('05001', 'MEDELLIN'),
	('05002', 'ABEJORRAL'),
	('05004', 'ABRIAQUI'),
	('05021', 'ALEJANDRIA'),
	('05030', 'AMAGA'),
	('05031', 'AMALFI'),
	('05034', 'ANDES'),
	('05036', 'ANGELOPOLIS'),
	('05038', 'ANGOSTURA'),
	('05040', 'ANORI'),
	('05042', 'SANTAFE DE ANTIOQUIA'),
	('05044', 'ANZA'),
	('05045', 'APARTADO'),
	('05051', 'ARBOLETES'),
	('05055', 'ARGELIA'),
	('05059', 'ARMENIA'),
	('05079', 'BARBOSA'),
	('05086', 'BELMIRA'),
	('05088', 'BELLO'),
	('05091', 'BETANIA'),
	('05093', 'BETULIA'),
	('05101', 'BOLIVAR'),
	('05107', 'BRICEDO'),
	('05113', 'BURITICA'),
	('05120', 'CACERES'),
	('05125', 'CAICEDO'),
	('05129', 'CALDAS'),
	('05134', 'CAMPAMENTO'),
	('05138', 'CADAS GORDAS'),
	('05142', 'CARACOLI'),
	('05145', 'CARAMANTA'),
	('05147', 'CAREPA'),
	('05148', 'CARMEN DE VIBORAL'),
	('05150', 'CAROLINA'),
	('05154', 'CAUCASIA'),
	('05172', 'CHIGORODO'),
	('05190', 'CISNEROS'),
	('05197', 'COCORNA'),
	('05206', 'CONCEPCION'),
	('05209', 'CONCORDIA'),
	('05212', 'COPACABANA'),
	('05234', 'DABEIBA'),
	('05237', 'DON MATIAS'),
	('05240', 'EBEJICO'),
	('05250', 'EL BAGRE'),
	('05264', 'ENTRERRIOS'),
	('05266', 'ENVIGADO'),
	('05282', 'FREDONIA'),
	('05284', 'FRONTINO'),
	('05306', 'GIRALDO'),
	('05308', 'GIRARDOTA'),
	('05310', 'GOMEZ PLATA'),
	('05313', 'GRANADA'),
	('05315', 'GUADALUPE'),
	('05318', 'GUARNE'),
	('05321', 'GUATAPE'),
	('05347', 'HELICONIA'),
	('05353', 'HISPANIA'),
	('05360', 'ITAGUI'),
	('05361', 'ITUANGO'),
	('05364', 'JARDIN'),
	('05368', 'JERICO'),
	('05376', 'LA CEJA'),
	('05380', 'LA ESTRELLA'),
	('05390', 'LA PINTADA'),
	('05400', 'LA UNION'),
	('05411', 'LIBORINA'),
	('05425', 'MACEO'),
	('05440', 'MARINILLA'),
	('05467', 'MONTEBELLO'),
	('05475', 'MURINDO'),
	('05480', 'MUTATA'),
	('05483', 'NARINO'),
	('05490', 'NECOCLI'),
	('05495', 'NECHI'),
	('05501', 'OLAYA'),
	('05541', 'PENOL'),
	('05543', 'PEQUE'),
	('05576', 'PUEBLO RICO'),
	('05579', 'PTO BERRIO'),
	('05585', 'LA MAGDALENA'),
	('05591', 'PTO TRIUNFO'),
	('05604', 'REMEDIOS'),
	('05607', 'RETIRO'),
	('05615', 'RIONEGRO'),
	('05628', 'SABANALARGA'),
	('05631', 'SABANETA'),
	('05642', 'SALGAR'),
	('05647', 'SAN ANDRES'),
	('05649', 'SAN CARLOS'),
	('05652', 'SAN FRANCISCO'),
	('05656', 'SAN JERONIMO'),
	('05658', 'SN JOSE DE MONTANA'),
	('05659', 'S JUAN URABA'),
	('05660', 'SAN LUIS'),
	('05664', 'SAN PEDRO'),
	('05665', 'S PEDRO URABA'),
	('05667', 'SAN RAFAEL'),
	('05670', 'SAN ROQUE'),
	('05674', 'SAN VICENTE'),
	('05679', 'STA BARBARA'),
	('05686', 'STA ROSA OSOS'),
	('05690', 'SANTO DOMINGO'),
	('05697', 'SANTUARIO'),
	('05736', 'SEGOVIA'),
	('05756', 'SONSON'),
	('05761', 'SOPETRAN'),
	('05789', 'TAMESIS'),
	('05790', 'TARAZA'),
	('05792', 'TARSO'),
	('05809', 'TITIRIBI'),
	('05819', 'TOLEDO'),
	('05837', 'TURBO'),
	('05842', 'URAMITA'),
	('05847', 'URRAO'),
	('05854', 'VALDIVIA'),
	('05856', 'VALPARAISO'),
	('05858', 'VEGACHI'),
	('05861', 'VENECIA'),
	('05873', 'VIGIA DEL FUERTE'),
	('05885', 'YALI'),
	('05887', 'YARUMAL'),
	('05890', 'YOLOMBO'),
	('05893', 'CASABE'),
	('05895', 'ZARAGOZA'),
	('08001', 'BARRANQUILLA'),
	('08078', 'BARANOA'),
	('08137', 'CAMPO DE CRUZ'),
	('08141', 'CANDELARIA'),
	('08296', 'GALAPA'),
	('08372', 'JUAN DE ACOSTA'),
	('08421', 'LURUACO'),
	('08433', 'MALAMBO'),
	('08436', 'MANATI'),
	('08520', 'PALMAR VARELA'),
	('08549', 'PIOJO'),
	('08558', 'POLONUEVO'),
	('08560', 'PONEDERA'),
	('08573', 'PUERTO COLOMBIA'),
	('08606', 'REPELON'),
	('08634', 'SABANAGRANDE'),
	('08638', 'SABANALARGA'),
	('08675', 'SANTA LUCIA'),
	('08685', 'SANTO TOMAS'),
	('08758', 'SOLEDAD'),
	('08770', 'SUAN'),
	('08832', 'TUBARA'),
	('08849', 'USIACURI'),
	('11001', 'BOGOTA'),
	('11040', 'SUBA'),
	('11050', 'USAQUEN'),
	('11060', 'USME'),
	('11092', 'BOSA'),
	('13001', 'CARTAGENA'),
	('13006', 'ACHI'),
	('13030', 'ALTO DEL ROSARIO'),
	('13042', 'ARENAL'),
	('13052', 'ARJONA'),
	('13074', 'BARRANCO LOBA'),
	('13140', 'CALAMAR'),
	('13160', 'CANTAGALLO'),
	('13188', 'CICUCO'),
	('13212', 'CORDOBA'),
	('13222', 'CLEMENCIA'),
	('13244', 'CARMEN DE BOLIVAR'),
	('13248', 'EL GUAMO'),
	('13268', 'EL PENON'),
	('13300', 'HATILLO DE LOBA'),
	('13430', 'MAGANGUE'),
	('13433', 'MAHATES'),
	('13440', 'MARGARITA'),
	('13442', 'MARIA LA BAJA'),
	('13458', 'MONTECRISTO'),
	('13468', 'MOMPOS'),
	('13473', 'MORALES'),
	('13549', 'PINILLOS'),
	('13580', 'REGIDOR'),
	('13600', 'RIO VIEJO'),
	('13620', 'SAN CRISTOBAL'),
	('13647', 'SN ESTANISLAO'),
	('13650', 'SAN FERNANDO'),
	('13654', 'SAN JACINTO'),
	('13655', 'SAN JACINTO DEL CAUC'),
	('13657', 'SAN JUAN NEPOMUCENO'),
	('13667', 'SAN MARTIN LOBA'),
	('13670', 'SAN PABLO'),
	('13673', 'STA CATALINA'),
	('13683', 'SANTA ROSA'),
	('13688', 'SANTA ROSA SUR'),
	('13744', 'SIMITI'),
	('13760', 'SOPLAVIENTO'),
	('13780', 'TALAIGUA NUEVO'),
	('13810', 'TIQUISIO(PTO.RICO)'),
	('13836', 'TURBACO'),
	('13838', 'TURBANA'),
	('13873', 'VILLANUEVA'),
	('13894', 'ZAMBRANO'),
	('15001', 'TUNJA'),
	('15022', 'ALMEIDA'),
	('15047', 'AQUITANIA'),
	('15051', 'ARCABUCO'),
	('15087', 'BELEN'),
	('15090', 'BERBEO'),
	('15092', 'BETEITIVA'),
	('15097', 'BOAVITA'),
	('15104', 'BOYACA'),
	('15106', 'BRICEDO'),
	('15109', 'BUENAVISTA'),
	('15114', 'BUSBANZA'),
	('15131', 'CALDAS'),
	('15135', 'CAMPOHERMOSO'),
	('15162', 'CERINZA'),
	('15172', 'CHINAVITA'),
	('15176', 'CHIQUINQUIRA'),
	('15180', 'CHISCAS'),
	('15183', 'CHITA'),
	('15185', 'CHITARAQUE'),
	('15187', 'CHIVATA'),
	('15189', 'CIENEGA'),
	('15204', 'COMBITA'),
	('15212', 'COPER'),
	('15215', 'CORRALES'),
	('15218', 'COVARACHIA'),
	('15223', 'CUBARA'),
	('15224', 'CUCAITA'),
	('15226', 'CUITIVA'),
	('15232', 'CHIQUIZA'),
	('15236', 'CHIVOR'),
	('15238', 'DUITAMA'),
	('15244', 'EL COCUY'),
	('15248', 'EL ESPINO'),
	('15272', 'FIRAVITOBA'),
	('15276', 'FLORESTA'),
	('15293', 'GACHANTIVA'),
	('15296', 'GAMEZA'),
	('15299', 'GARAGOA'),
	('15317', 'GUACAMAYAS'),
	('15322', 'GUATEQUE'),
	('15325', 'GUAYATA'),
	('15332', 'GUICAN'),
	('15362', 'IZA'),
	('15367', 'JENESANO'),
	('15368', 'JERICO'),
	('15377', 'LABRANZAGRANDE'),
	('15380', 'LA CAPILLA'),
	('15401', 'LA VICTORIA'),
	('15403', 'LA UVITA'),
	('15407', 'VILLA DE LEYVA'),
	('15425', 'MACANAL'),
	('15442', 'MARIPI'),
	('15455', 'MIRAFLORES'),
	('15464', 'MONGUA'),
	('15466', 'MONGUI'),
	('15469', 'MONIQUIRA'),
	('15476', 'MOTAVITA'),
	('15480', 'MUZO'),
	('15491', 'NOBSA'),
	('15494', 'NUEVO COLON'),
	('15500', 'OICATA'),
	('15507', 'OTANCHE'),
	('15511', 'PACHAVITA'),
	('15514', 'PAEZ'),
	('15516', 'PAIPA'),
	('15518', 'PAJARITO'),
	('15522', 'PANQUEBA'),
	('15531', 'PAUNA'),
	('15533', 'PAYA'),
	('15537', 'PAZ DE RIO'),
	('15542', 'PESCA'),
	('15550', 'PISBA'),
	('15572', 'PUERTO BOYACA'),
	('15580', 'QUIPAMA'),
	('15599', 'RAMIRIQUI'),
	('15600', 'RAQUIRA'),
	('15621', 'RONDON'),
	('15632', 'SABOYA'),
	('15638', 'SACHICA'),
	('15646', 'SAMACA'),
	('15660', 'SAN EDUARDO'),
	('15664', 'SAN JOSE DE PARE'),
	('15667', 'SAN LUIS GACENO'),
	('15673', 'SAN MATEO'),
	('15676', 'SAN MIGUEL SEMA'),
	('15681', 'SAN PABLO BORBUR'),
	('15686', 'SANTANA'),
	('15687', 'BELENCITO'),
	('15690', 'SANTA MARIA'),
	('15693', 'SANTA ROSA VITERBO'),
	('15696', 'SANTA SOFIA'),
	('15720', 'SATIVANORTE'),
	('15723', 'SATIVASUR'),
	('15740', 'SIACHOQUE'),
	('15753', 'SOATA'),
	('15755', 'SOCOTA'),
	('15757', 'SOCHA'),
	('15759', 'SOGAMOSO'),
	('15761', 'SOMONDOCO'),
	('15762', 'SORA'),
	('15763', 'SOTAQUIRA'),
	('15764', 'SORACA'),
	('15774', 'SUSACON'),
	('15776', 'SUTAMARCHAN'),
	('15778', 'SUTATENZA'),
	('15790', 'TASCO'),
	('15798', 'TENZA'),
	('15804', 'TIBANA'),
	('15806', 'TIBASOSA'),
	('15808', 'TINJACA'),
	('15810', 'TIPACOQUE'),
	('15814', 'TOCA'),
	('15816', 'TOGUI'),
	('15820', 'TOPAGA'),
	('15822', 'TOTA'),
	('15832', 'TUNUNGUA'),
	('15835', 'TURMEQUE'),
	('15837', 'TUTA'),
	('15839', 'TUTASA'),
	('15842', 'UMBITA'),
	('15861', 'VENTAQUEMADA'),
	('15879', 'VIRACACHA'),
	('15897', 'ZETAQUIRA'),
	('16001', 'PEREIRA'),
	('17001', 'MANIZALES'),
	('17013', 'AGUADAS'),
	('17042', 'ANSERMA'),
	('17050', 'ARANZAZU'),
	('17088', 'BELALCAZAR'),
	('17174', 'CHINCHINA'),
	('17272', 'FILADELFIA'),
	('17380', 'LA DORADA'),
	('17388', 'LA MERCED'),
	('17433', 'MANZANARES'),
	('17442', 'MARMATO'),
	('17444', 'MARQUETALIA'),
	('17446', 'MARULANDA'),
	('17486', 'NEIRA'),
	('17513', 'PACORA'),
	('17524', 'PALESTINA'),
	('17541', 'PENSILVANIA'),
	('17614', 'RIOSUCIO'),
	('17616', 'RISARALDA'),
	('17653', 'SALAMINA'),
	('17662', 'SAMANA'),
	('17777', 'SUPIA'),
	('17867', 'VICTORIA'),
	('17873', 'VILLA MARIA'),
	('17877', 'VITERBO'),
	('17991', 'ARAUCA'),
	('17992', 'BOLIVIA'),
	('17993', 'FLORENCIA'),
	('17994', 'MONTEBONITO'),
	('17995', 'SAN FELIX'),
	('17996', 'SAN JOSE DE RISARALD'),
	('17997', 'NORCASIA'),
	('17998', 'ARBOLEDA'),
	('18001', 'FLORENCIA'),
	('18029', 'ALBANIA'),
	('18094', 'BELEN ANDAQUIES'),
	('18150', 'CARTAGENA DEL CHAIRA'),
	('18205', 'CURILLO'),
	('18247', 'EL DONCELLO'),
	('18256', 'EL PAUJIL'),
	('18410', 'LA MONTANITA'),
	('18449', 'MATICURO'),
	('18460', 'MILAN'),
	('18479', 'MORELIA'),
	('18592', 'PUERTO RICO'),
	('18610', 'SAN JOSE FRAGUA'),
	('18753', 'SAN VICENTE DEL CAGU'),
	('18765', 'SOLANO'),
	('18767', 'SOLITA'),
	('18860', 'VALPARAISO'),
	('18991', 'GUACAMAYAS'),
	('19001', 'POPAYAN'),
	('19022', 'ALMAGUER'),
	('19050', 'ARGELIA'),
	('19075', 'BALBOA'),
	('19100', 'BOLIVAR'),
	('19110', 'BUENOS AIRES'),
	('19130', 'CAJIBIO'),
	('19137', 'CALDONO'),
	('19142', 'CALOTO'),
	('19212', 'CORINTO'),
	('19256', 'EL TAMBO'),
	('19290', 'FLORENCIA'),
	('19318', 'GUAPI'),
	('19355', 'INZA'),
	('19364', 'JAMBALO'),
	('19392', 'LA SIERRA'),
	('19397', 'LA VEGA'),
	('19418', 'LOPEZ DE MICAY'),
	('19450', 'MERCADERES'),
	('19455', 'MIRANDA'),
	('19473', 'MORALES'),
	('19513', 'PADILLA'),
	('19517', 'BELALCAZAR'),
	('19532', 'BORDO'),
	('19533', 'PIAMONTE'),
	('19548', 'PIENDAMO'),
	('19573', 'PUERTO TEJADA'),
	('19585', 'COCONUCO'),
	('19622', 'ROSAS'),
	('19693', 'SAN SEBASTIAN'),
	('19698', 'SANTDER DE QUILICHAO'),
	('19701', 'SANTA ROSA'),
	('19720', 'SANTANDER'),
	('19743', 'SILVIA'),
	('19760', 'PAISPAMBA'),
	('19780', 'SUAREZ'),
	('19807', 'TIMBIO'),
	('19809', 'TIMBIQUI'),
	('19821', 'TORIBIO'),
	('19824', 'TOTORO'),
	('19845', 'VILLA RICA'),
	('19991', 'SIBERIA'),
	('20001', 'VALLEDUPAR'),
	('20011', 'AGUACHICA'),
	('20013', 'AGUSTIN CODAZZI'),
	('20032', 'ASTREA'),
	('20045', 'BECERRIL'),
	('20060', 'BOSCONIA'),
	('20175', 'CHIMICHAGUA'),
	('20178', 'CHIRIGUANA'),
	('20228', 'CURUMANI'),
	('20238', 'EL COPEY'),
	('20250', 'EL PASO'),
	('20295', 'GAMARRA'),
	('20310', 'GONZALEZ'),
	('20383', 'LA GLORIA'),
	('20400', 'LA JAGUA IBIRICO'),
	('20443', 'MANAURE BALCON DEL C'),
	('20517', 'PAILITAS'),
	('20550', 'PELAYA'),
	('20614', 'RIO DE ORO'),
	('20621', 'ROBLES'),
	('20710', 'SAN ALBERTO'),
	('20750', 'SAN DIEGO'),
	('20770', 'SAN MARTIN'),
	('20787', 'TAMALAMEQUE'),
	('20870', 'BARRANQUILLA'),
	('23001', 'MONTERIA'),
	('23068', 'AYAPEL'),
	('23079', 'BUENAVISTA'),
	('23090', 'CANALETE'),
	('23162', 'CERETE'),
	('23168', 'CHIMA'),
	('23182', 'CHINU'),
	('23189', 'CIENAGA DE ORO'),
	('23300', 'COTORRA'),
	('23350', 'LA FRONTERA'),
	('23417', 'LORICA'),
	('23419', 'LOS CORDOBAS'),
	('23464', 'MOMIL'),
	('23466', 'MONTE LIBANO'),
	('23500', 'MONITOS'),
	('23555', 'PLANETA RICA'),
	('23570', 'PUEBLO NUEVO'),
	('23574', 'PUERTO ESCONDIDO'),
	('23580', 'PUERTO LIBERTADOR'),
	('23586', 'PURISIMA'),
	('23660', 'SAHAGUN'),
	('23670', 'SAN ANDRES SOTAVIENT'),
	('23672', 'SAN ANTERO'),
	('23675', 'SAN BERNARDO DEL VIE'),
	('23678', 'SAN CARLOS'),
	('23686', 'SAN PELAYO'),
	('23807', 'TIERRALTA'),
	('23855', 'VALENCIA'),
	('23991', 'CERROMATOSO'),
	('25001', 'AGUA DE DIOS'),
	('25019', 'ALBAN'),
	('25035', 'ANAPOIMA'),
	('25040', 'ANOLAIMA'),
	('25053', 'ARBELAEZ'),
	('25086', 'BELTRAN'),
	('25095', 'BITUIMA'),
	('25099', 'BOJACA'),
	('25120', 'CABRERA'),
	('25123', 'CACHIPAY'),
	('25126', 'CAJICA'),
	('25148', 'CAPARRAPI'),
	('25151', 'CAQUEZA'),
	('25154', 'CARMEN DE CARUPA'),
	('25168', 'CHAGUANI'),
	('25175', 'CHIA'),
	('25178', 'CHIPAQUE'),
	('25181', 'CHOACHI'),
	('25183', 'CHOCONTA'),
	('25200', 'COGUA'),
	('25214', 'COTA'),
	('25224', 'CUCUNUBA'),
	('25245', 'EL COLEGIO'),
	('25258', 'EL PEDON'),
	('25269', 'FACATATIVA'),
	('25279', 'FOMEQUE'),
	('25281', 'FOSCA'),
	('25286', 'FUNZA'),
	('25288', 'FUQUENE'),
	('25290', 'FUSAGASUGA'),
	('25293', 'GACHALA'),
	('25295', 'GACHANCIPA'),
	('25297', 'GACHETA'),
	('25299', 'GAMA'),
	('25307', 'GIRARDOT'),
	('25312', 'GRANADA'),
	('25317', 'GUACHETA'),
	('25320', 'GUADUAS'),
	('25322', 'GUASCA'),
	('25324', 'GUATAQUI'),
	('25326', 'GUATAVITA'),
	('25328', 'GUAYABAL SIQUIMA'),
	('25335', 'GUAYABETAL'),
	('25339', 'GUTIERREZ'),
	('25368', 'JERUSALEN'),
	('25372', 'JUNIN'),
	('25377', 'LA CALERA'),
	('25386', 'LA MESA'),
	('25394', 'LA PALMA'),
	('25398', 'LA PEDA'),
	('25402', 'LA VEGA'),
	('25407', 'LENGUAZAQUE'),
	('25426', 'MACHETA'),
	('25430', 'MADRID'),
	('25436', 'MANTA'),
	('25438', 'MEDINA'),
	('25473', 'MOSQUERA'),
	('25483', 'NARIDO'),
	('25486', 'NEMOCON'),
	('25488', 'NILO'),
	('25489', 'NIMAIMA'),
	('25491', 'NOCAIMA'),
	('25506', 'OSPINA PEREZ'),
	('25513', 'PACHO'),
	('25518', 'PAIME'),
	('25524', 'PANDI'),
	('25530', 'PARATEBUENO'),
	('25535', 'PASCA'),
	('25572', 'PUERTO SALGAR'),
	('25580', 'PULI'),
	('25592', 'QUEBRADANEGRA'),
	('25594', 'QUETAME'),
	('25596', 'QUIPILE'),
	('25599', 'APULO'),
	('25612', 'RICAURTE'),
	('25645', 'SAN ANTONIO DE TEQUE'),
	('25649', 'SAN BERNARDO'),
	('25653', 'SAN CAYETANO'),
	('25658', 'SAN FRANSISCO'),
	('25662', 'SAN JUAN RIOSECO'),
	('25718', 'SASAIMA'),
	('25736', 'SESQUILE'),
	('25740', 'SIBATE'),
	('25743', 'SILVANIA'),
	('25745', 'SIMIJACA'),
	('25754', 'SOACHA'),
	('25758', 'SOPO'),
	('25769', 'SUBACHOQUE'),
	('25772', 'SUESCA'),
	('25777', 'SUPATA'),
	('25779', 'SUSA'),
	('25781', 'SUTATAUSA'),
	('25785', 'TABIO'),
	('25793', 'TAUSA'),
	('25797', 'TENA'),
	('25799', 'TENJO'),
	('25805', 'TIBACUY'),
	('25807', 'TIBIRITA'),
	('25815', 'TOCAIMA'),
	('25817', 'TOCANCIPA'),
	('25823', 'TOPAIPI'),
	('25839', 'UBALA'),
	('25841', 'UBAQUE'),
	('25843', 'UBATE'),
	('25845', 'UNE'),
	('25851', 'UTICA'),
	('25862', 'VERGARA'),
	('25867', 'VIANI'),
	('25871', 'VILLAGOMEZ'),
	('25873', 'VILLA PINZON'),
	('25875', 'VILLETA'),
	('25878', 'VIOTA'),
	('25885', 'YACOPI'),
	('25896', 'ZIPACON'),
	('25899', 'ZIPAQUIRA'),
	('25992', 'CUMACA'),
	('27001', 'QUIBDO'),
	('27006', 'ACANDI'),
	('27025', 'PIE DE PATO'),
	('27050', 'ATRATO YUTO'),
	('27073', 'BAGADO'),
	('27075', 'MUTIS'),
	('27077', 'PIZARRO'),
	('27082', 'BAJO SAN JUAN'),
	('27099', 'BELLAVISTA'),
	('27135', 'CANTON DE SAN PABLO'),
	('27205', 'CONDOTO'),
	('27245', 'EL CARMEN'),
	('27250', 'EL LITORAL DEL SAN J'),
	('27361', 'ISTMINA'),
	('27372', 'JURADO'),
	('27413', 'LLORO'),
	('27430', 'MEDIO BAUDO'),
	('27491', 'NOVITA'),
	('27495', 'NUQUI'),
	('27600', 'R-O QUITO'),
	('27615', 'RIOSUCIO'),
	('27660', 'SAN JOSE PALMAR'),
	('27745', 'SIPI'),
	('27787', 'TADO'),
	('27800', 'UNGUIA'),
	('41001', 'NEIVA'),
	('41006', 'ACEVEDO'),
	('41013', 'AGRADO'),
	('41016', 'AIPE'),
	('41020', 'ALGECIRAS'),
	('41026', 'ALTAMIRA'),
	('41078', 'BARAYA'),
	('41132', 'CAMPOALEGRE'),
	('41206', 'COLOMBIA'),
	('41244', 'ELIAS'),
	('41298', 'GARZON'),
	('41306', 'GIGANTE'),
	('41319', 'GUADALUPE'),
	('41349', 'HOBO'),
	('41357', 'IQUIRA'),
	('41359', 'ISNOS'),
	('41378', 'LA ARGENTINA'),
	('41396', 'LA PLATA'),
	('41483', 'NATAGA'),
	('41503', 'OPORAPA'),
	('41518', 'PAICOL'),
	('41524', 'PALERMO'),
	('41530', 'PALESTINA'),
	('41548', 'PITAL'),
	('41551', 'PITALITO'),
	('41615', 'RIVERA'),
	('41660', 'SALADOBLANCO'),
	('41668', 'SAN AGUSTIN'),
	('41676', 'SANTA MARIA'),
	('41770', 'SUAZA'),
	('41791', 'TARQUI'),
	('41797', 'TESALIA'),
	('41799', 'TELLO'),
	('41801', 'TERUEL'),
	('41807', 'TIMANA'),
	('41872', 'VILLAVIEJA'),
	('41885', 'YAGUARA'),
	('41991', 'VEGA LARGA'),
	('44001', 'RIOHACHA'),
	('44078', 'BARRANCAS'),
	('44090', 'DIBULLA'),
	('44098', 'DISTRACCION'),
	('44110', 'EL MOLINO'),
	('44279', 'FONSECA'),
	('44378', 'HATONUEVO'),
	('44420', 'LA JAGUA DEL PILAR'),
	('44430', 'MAICAO'),
	('44560', 'MANAURE'),
	('44650', 'SAN JUAN CESAR'),
	('44847', 'URIBIA'),
	('44855', 'URUMITA'),
	('44874', 'VILLANUEVA'),
	('44991', 'PTO BOLIVAR'),
	('47001', 'SANTA MARTA'),
	('47053', 'ARACATACA'),
	('47058', 'EL DIFICIL'),
	('47161', 'CERROS DE SAN ANTONI'),
	('47170', 'CHIVOLO'),
	('47189', 'CIENAGA'),
	('47245', 'EL BANCO'),
	('47258', 'EL PIDON'),
	('47268', 'EL RETEN'),
	('47288', 'FUNDACION'),
	('47318', 'GUAMAL'),
	('47541', 'PEDRAZA'),
	('47545', 'PIJINO DEL CARMEN'),
	('47551', 'PIVIJAY'),
	('47555', 'PLATO'),
	('47570', 'PUEBLOVIEJO'),
	('47605', 'REMOLINO'),
	('47675', 'SALAMINA'),
	('47692', 'SAN SEBASTIAN BUENAV'),
	('47703', 'SAN ZENON'),
	('47707', 'SANTA ANA'),
	('47745', 'SITIONUEVO'),
	('47798', 'TENERIFE'),
	('50001', 'VILLAVICENCIO'),
	('50006', 'ACACIAS'),
	('50110', 'BARRANCA DE UPIA'),
	('50124', 'CABUYARO'),
	('50150', 'CASTILLA NUEVA'),
	('50223', 'CUBARRAL'),
	('50226', 'CUMARAL'),
	('50245', 'EL CALVARIO'),
	('50251', 'EL CASTILLO'),
	('50270', 'EL DORADO'),
	('50287', 'FUENTE DE ORO'),
	('50313', 'GRANADA'),
	('50318', 'GUAMAL'),
	('50325', 'MAPIRIPAN'),
	('50330', 'MESETAS'),
	('50350', 'LA MACARENA'),
	('50370', 'LA URIBE'),
	('50400', 'LEJANIAS'),
	('50438', 'MEDINA'),
	('50450', 'PURTO CONCORDIA'),
	('50568', 'PUERTO GAITAN'),
	('50573', 'PUERTO LOPEZ'),
	('50577', 'PUERTO LLERAS'),
	('50590', 'PUERTO RICO'),
	('50606', 'RESTREPO'),
	('50680', 'SAN CARLOS GUAROA'),
	('50683', 'SAN JUAN ARAMA'),
	('50686', 'SAN JUANITO'),
	('50689', 'SAN MARTIN'),
	('50711', 'VISTA HERMOSA'),
	('50991', 'MEDELLIN DEL ARIARI'),
	('52001', 'PASTO'),
	('52019', 'SAN JOSE'),
	('52022', 'ALDANA'),
	('52036', 'ANCUYA'),
	('52051', 'BERRUECOS'),
	('52079', 'BARBACOAS'),
	('52083', 'BELEN'),
	('52110', 'BUESACO'),
	('52203', 'GENOVA'),
	('52207', 'CONSACA'),
	('52210', 'CONTADERO'),
	('52215', 'CORDOBA'),
	('52224', 'CARLOSAMA'),
	('52227', 'CUMBAL'),
	('52233', 'CUMBITARA'),
	('52240', 'CHACHAGUI'),
	('52250', 'EL CHARCO'),
	('52254', 'EL PEDOL'),
	('52256', 'EL ROSARIO'),
	('52258', 'EL TABLON'),
	('52260', 'EL TAMBO'),
	('52287', 'FUNES'),
	('52317', 'GUACHUCAL'),
	('52320', 'GUAITARILLA'),
	('52323', 'GUALMATAN'),
	('52352', 'ILES'),
	('52354', 'IMUES'),
	('52356', 'IPIALES'),
	('52378', 'LA CRUZ'),
	('52381', 'LA FLORIDA'),
	('52385', 'LA LLANADA'),
	('52390', 'LA TOLA'),
	('52399', 'LA UNION'),
	('52405', 'LEIVA'),
	('52411', 'LINARES'),
	('52418', 'SOTOMAYOR'),
	('52427', 'PAYAN'),
	('52435', 'PIEDRANCHA'),
	('52473', 'MOSQUERA'),
	('52490', 'OLAYA HERRERA'),
	('52506', 'OSPINA'),
	('52520', 'FRANCISCO PIZARRO'),
	('52540', 'POLICARPA'),
	('52560', 'POTOSI'),
	('52565', 'PROVIDENCIA'),
	('52573', 'PUERRES'),
	('52585', 'PUPIALES'),
	('52612', 'RICAURTE'),
	('52621', 'ROBERTO PAYAN'),
	('52678', 'SAMANIEGO'),
	('52683', 'SANDONA'),
	('52685', 'SAN BERNARDO'),
	('52687', 'SAN LORENZO'),
	('52693', 'SAN PABLO'),
	('52694', 'SAN PEDRO DE CARTAGO'),
	('52696', 'ISCUANDE'),
	('52699', 'GUACHAVES'),
	('52720', 'SAPUYES'),
	('52786', 'TAMINANGO'),
	('52788', 'TANGUA'),
	('52835', 'TUMACO'),
	('52838', 'TUQUERRES'),
	('52885', 'YACUANQUER'),
	('54001', 'CUCUTA'),
	('54003', 'ABREGO'),
	('54051', 'ARBOLEDAS'),
	('54099', 'BOCHALEMA'),
	('54109', 'BUCARASICA'),
	('54125', 'CACOTA'),
	('54128', 'CACHIRA'),
	('54172', 'CHINACOTA'),
	('54174', 'CHITAGA'),
	('54206', 'CONVENCION'),
	('54223', 'CUCUTILLA'),
	('54239', 'DURANIA'),
	('54245', 'EL CARMEN'),
	('54250', 'EL TARRA'),
	('54261', 'EL ZULIA'),
	('54313', 'GRAMALOTE'),
	('54344', 'HACARI'),
	('54347', 'HERRAN'),
	('54377', 'LABATECA'),
	('54385', 'LA ESPERANZA'),
	('54398', 'LA PLAYA'),
	('54405', 'LOS PATIOS'),
	('54418', 'LOURDES'),
	('54480', 'MUTISCUA'),
	('54498', 'OCADA'),
	('54518', 'PAMPLONA'),
	('54520', 'PAMPLONITA'),
	('54553', 'PUERTO SANTANDER'),
	('54599', 'RAGONVALIA'),
	('54660', 'SALAZAR'),
	('54670', 'SAN CALIXTO'),
	('54673', 'SAN CAYETANO'),
	('54680', 'SANTIAGO'),
	('54720', 'SARDINATA'),
	('54743', 'SILOS'),
	('54800', 'TEORAMA'),
	('54810', 'TIBU'),
	('54820', 'TOLEDO'),
	('54871', 'VILLA CARO'),
	('54874', 'VILLA ROSARIO'),
	('54991', 'GIBRALTAR'),
	('54992', 'LA GABARRA'),
	('54993', 'LA VEGA'),
	('54994', 'LAS MERCEDES'),
	('63001', 'ARMENIA'),
	('63111', 'BUENAVISTA'),
	('63130', 'CALARCA'),
	('63190', 'CIRCASIA'),
	('63212', 'CORDOBA'),
	('63272', 'FILANDIA'),
	('63302', 'GENOVA'),
	('63401', 'LA TEBAIDA'),
	('63470', 'MONTENEGRO'),
	('63548', 'PIJAO'),
	('63594', 'QUIMBAYA'),
	('63690', 'SALENTO'),
	('66001', 'PEREIRA'),
	('66045', 'APIA'),
	('66075', 'BALBOA'),
	('66088', 'BELEN UMBRIA'),
	('66170', 'DOSQUEBRADAS'),
	('66318', 'GUATICA'),
	('66383', 'LA CELIA'),
	('66400', 'LA VIRGINIA'),
	('66440', 'MARSELLA'),
	('66456', 'MISTRATO'),
	('66572', 'PUEBLO RICO'),
	('66594', 'QUINCHIA'),
	('66682', 'SANTA ROSA CABAL'),
	('66687', 'SANTUARIO'),
	('68001', 'BUCARAMANGA'),
	('68013', 'AGUADA'),
	('68020', 'ALBANIA'),
	('68051', 'ARATOCA'),
	('68077', 'BARBOSA'),
	('68079', 'BARICHARA'),
	('68081', 'BARRANCABERMEJA'),
	('68092', 'BETULIA'),
	('68101', 'BOLIVAR'),
	('68121', 'CABRERA'),
	('68132', 'CALIFORNIA'),
	('68147', 'CAPITANEJO'),
	('68152', 'CARCASI'),
	('68160', 'CEPITA'),
	('68162', 'CERRITO'),
	('68167', 'CHARALA'),
	('68169', 'CHARTA'),
	('68176', 'CHIMA'),
	('68179', 'CHIPATA'),
	('68190', 'CIMITARRA'),
	('68207', 'CONCEPCION'),
	('68209', 'CONFINES'),
	('68211', 'CONTRATACION'),
	('68217', 'COROMORO'),
	('68229', 'CURITI'),
	('68235', 'EL CARMEN'),
	('68245', 'EL GUACAMAYO'),
	('68250', 'EL PEDON'),
	('68255', 'EL PLAYON'),
	('68264', 'ENCINO'),
	('68266', 'ENCISO'),
	('68271', 'FLORIAN'),
	('68276', 'FLORIDABLANCA'),
	('68296', 'GALAN'),
	('68298', 'GAMBITA'),
	('68307', 'GIRON'),
	('68318', 'GUACA'),
	('68320', 'GUADALUPE'),
	('68322', 'GUAPOTA'),
	('68324', 'GUAVATA'),
	('68327', 'GUEPSA'),
	('68344', 'HATO'),
	('68368', 'JESUS MARIA'),
	('68370', 'JORDAN'),
	('68377', 'LA BELLEZA'),
	('68385', 'LANDAZURI'),
	('68397', 'LA PAZ'),
	('68406', 'LEBRIJA'),
	('68418', 'LOS SANTOS'),
	('68425', 'MACARAVITA'),
	('68432', 'MALAGA'),
	('68444', 'MATANZA'),
	('68464', 'MOGOTES'),
	('68468', 'MOLAGAVITA'),
	('68498', 'OCAMONTE'),
	('68500', 'OIBA'),
	('68502', 'ONZAGA'),
	('68522', 'PALMAR'),
	('68524', 'PALMAS DEL SOCORRO'),
	('68533', 'PARAMO'),
	('68547', 'PIEDECUESTA'),
	('68549', 'PINCHOTE'),
	('68572', 'PUENTE NACIONAL'),
	('68573', 'PUERTO PARRA'),
	('68575', 'PUERTO WILCHES'),
	('68615', 'RIONEGRO'),
	('68655', 'SABANA DE TORRES'),
	('68669', 'SAN ANDRES'),
	('68673', 'SAN BENITO'),
	('68679', 'SAN GIL'),
	('68682', 'SAN JOAQUIN'),
	('68684', 'SAN JOSE MIRANDA'),
	('68686', 'SAN MIGUEL'),
	('68689', 'SAN VICENTE DE CHUCU'),
	('68705', 'SANTA BARBARA'),
	('68720', 'SANTA HELENA DEL OPO'),
	('68745', 'SIMACOTA'),
	('68755', 'SOCORRO'),
	('68770', 'SUAITA'),
	('68773', 'SUCRE'),
	('68780', 'SURATA'),
	('68820', 'TONA'),
	('68855', 'VALLE SAN JOSE'),
	('68861', 'VELEZ'),
	('68867', 'VETAS'),
	('68872', 'VILLANUEVA'),
	('68895', 'ZAPATOCA'),
	('68991', 'SAN FRANCISCO'),
	('68992', 'EL CENTRO'),
	('68993', 'SAN JOSE DE SUAITA'),
	('70001', 'SINCELEJO'),
	('70110', 'BUENAVISTA'),
	('70124', 'CAIMITO'),
	('70204', 'RICAURTE'),
	('70215', 'COROZAL'),
	('70230', 'CHALAN'),
	('70235', 'NUEVA GRANADA'),
	('70265', 'GUARANDA'),
	('70400', 'LA UNION'),
	('70418', 'LOS PALMITOS'),
	('70429', 'MAJAGUAL'),
	('70473', 'MORROA'),
	('70508', 'OVEJAS'),
	('70523', 'PALMITO'),
	('70670', 'SAMPUES'),
	('70678', 'SAN.BENITO ABAD'),
	('70702', 'SAN JUAN BETULIA'),
	('70708', 'SAN MARCOS'),
	('70713', 'SAN ONOFRE'),
	('70717', 'SAN PEDRO'),
	('70742', 'SINCE'),
	('70771', 'SUCRE'),
	('70820', 'TOLU'),
	('70823', 'TOLUVIEJO'),
	('73001', 'IBAGUE'),
	('73024', 'ALPUJARRA'),
	('73026', 'ALVARADO'),
	('73030', 'AMBALEMA'),
	('73043', 'ANZOATEGUI'),
	('73055', 'GUAYABAL'),
	('73067', 'ATACO'),
	('73124', 'CAJAMARCA'),
	('73148', 'CARMEN APICALA'),
	('73152', 'CASABIANCA'),
	('73168', 'CHAPARRAL'),
	('73200', 'COELLO'),
	('73217', 'COYAIMA'),
	('73226', 'CUNDAY'),
	('73236', 'DOLORES'),
	('73268', 'ESPINAL'),
	('73270', 'FALAN'),
	('73275', 'FLANDES'),
	('73283', 'FRESNO'),
	('73319', 'GUAMO'),
	('73347', 'HERVEO'),
	('73349', 'HONDA'),
	('73352', 'ICONONZO'),
	('73408', 'LERIDA'),
	('73411', 'LIBANO'),
	('73443', 'MARIQUITA'),
	('73449', 'MELGAR'),
	('73461', 'MURILLO'),
	('73483', 'NATAGAIMA'),
	('73504', 'ORTEGA'),
	('73520', 'PALOCABILDO'),
	('73547', 'PIEDRAS'),
	('73555', 'PLANADAS'),
	('73563', 'PRADO'),
	('73585', 'PURIFICACION'),
	('73616', 'RIOBLANCO'),
	('73622', 'RONCESVALLES'),
	('73624', 'ROVIRA'),
	('73671', 'SALDADA'),
	('73675', 'SAN ANTONIO'),
	('73678', 'SAN LUIS'),
	('73686', 'SANTA ISABEL'),
	('73770', 'SUAREZ'),
	('73854', 'VALLE SAN JUAN'),
	('73861', 'VENADILLO'),
	('73870', 'VILLAHERMOSA'),
	('73873', 'VILLARICA'),
	('73989', 'CHICORAL'),
	('73990', 'JUNIN'),
	('73991', 'CADIZ'),
	('73993', 'HERRERA'),
	('73994', 'PALO CABILDO'),
	('73995', 'GAITANA'),
	('73996', 'PLAYA RICA'),
	('73997', 'SANTIAGO PEREZ'),
	('73998', 'SANTA TERESA'),
	('73999', 'TRES ESQUINAS'),
	('76001', 'CALI'),
	('76020', 'ALCALA'),
	('76036', 'ANDALUCIA'),
	('76041', 'ANSERMANUEVO'),
	('76054', 'ARGELIA'),
	('76100', 'BOLIVAR'),
	('76109', 'BUENAVENTURA'),
	('76111', 'BUGA'),
	('76113', 'BUGALAGRANDE'),
	('76122', 'CAICEDONIA'),
	('76126', 'DARIEN'),
	('76130', 'CANDELARIA'),
	('76147', 'CARTAGO'),
	('76233', 'DAGUA'),
	('76243', 'EL AGUILA'),
	('76246', 'EL CAIRO'),
	('76248', 'EL CERRITO'),
	('76250', 'EL DOVIO'),
	('76275', 'FLORIDA'),
	('76306', 'GINEBRA'),
	('76318', 'GUACARI'),
	('76364', 'JAMUNDI'),
	('76377', 'LA CUMBRE'),
	('76400', 'LA UNION'),
	('76403', 'LA VICTORIA'),
	('76497', 'OBANDO'),
	('76520', 'PALMIRA'),
	('76563', 'PRADERA'),
	('76606', 'RESTREPO'),
	('76616', 'RIOFRIO'),
	('76622', 'ROLDANILLO'),
	('76670', 'SAN PEDRO'),
	('76736', 'SEVILLA'),
	('76823', 'TORO'),
	('76828', 'TRUJILLO'),
	('76834', 'TULUA'),
	('76845', 'ULLOA'),
	('76863', 'VERSALLES'),
	('76869', 'VIJES'),
	('76890', 'YOTOCO'),
	('76892', 'YUMBO'),
	('76895', 'ZARZAL'),
	('81001', 'ARAUCA'),
	('81065', 'ARAUQUITA'),
	('81220', 'CRAVO NORTE'),
	('81300', 'FORTUL'),
	('81591', 'PUERTO RONDON'),
	('81736', 'SARAVENA'),
	('81794', 'TAME'),
	('85001', 'YOPAL'),
	('85010', 'AGUAZUL'),
	('85015', 'CHAMEZA'),
	('85125', 'HATO COROZAL'),
	('85136', 'LA SALINA'),
	('85139', 'MANI'),
	('85162', 'MONTERREY'),
	('85225', 'NUNCHIA'),
	('85230', 'OROCUE'),
	('85250', 'PAZ D ARIPORO'),
	('85263', 'PORE'),
	('85279', 'RECETOR'),
	('85300', 'SABANALARGA'),
	('85315', 'SACAMA'),
	('85325', 'SAN LUIS PALENQUE'),
	('85400', 'TAMARA'),
	('85410', 'TAURAMENA'),
	('85430', 'TRINIDAD'),
	('85440', 'VILLA NUEVA'),
	('86001', 'MOCOA'),
	('86219', 'COLON'),
	('86320', 'ORITO'),
	('86568', 'PUERTO ASIS'),
	('86569', 'PUERTO CAICEDO'),
	('86571', 'PUERTO GUZMAN'),
	('86573', 'PUERTO LEGUIZAMO'),
	('86749', 'SIBUNDOY'),
	('86755', 'SAN FRANCISCO'),
	('86757', 'SAN MIGUEL'),
	('86760', 'SANTIAGO'),
	('86865', 'LA HORMIGA'),
	('86885', 'VILLAGARZON'),
	('88001', 'SAN ANDRES(I)'),
	('88564', 'PROVIDENCIA'),
	('91001', 'LETICIA'),
	('91263', 'EL ENCANTO'),
	('91405', 'LA CHORRERA'),
	('91407', 'LA PEDRERA'),
	('91460', 'MIRITI'),
	('91540', 'PUERTO NARINO'),
	('91669', 'PTO SANTANDER'),
	('91798', 'TARAPACA'),
	('94001', 'INIRIDA'),
	('94343', 'BARRANCO MINAS'),
	('94883', 'SAN FELIPE'),
	('94884', 'PUERTO COLOMBIA'),
	('94885', 'GUADALUPE'),
	('94886', 'CACAHUAL'),
	('94888', 'MORICHAL NUEVO'),
	('94991', 'MIRAFLORES'),
	('95001', 'SAN JOSE GUAVIARE'),
	('95015', 'CALAMAR'),
	('95025', 'EL RETORNO'),
	('95200', 'MIRAFLORES'),
	('95220', 'MORICHAL VIEJO'),
	('97001', 'MITU'),
	('97161', 'CARURU'),
	('97511', 'PACOA'),
	('97666', 'TARAIRA'),
	('97889', 'YAVARATE'),
	('99001', 'PUERTO CARREDO'),
	('99524', 'PRIMAVERA');
/*!40000 ALTER TABLE `municipios` ENABLE KEYS */;

-- Volcando estructura para tabla datapets.opciones_disponibles
CREATE TABLE IF NOT EXISTS `opciones_disponibles` (
  `CODIGO_RECURSO` varchar(50) NOT NULL,
  `CODIGO_OPCION` char(2) NOT NULL,
  `NOMBRE_OPCION` varchar(80) DEFAULT NULL
) ENGINE=InnoDB DEFAULT CHARSET=utf8;

-- Volcando datos para la tabla datapets.opciones_disponibles: ~3 rows (aproximadamente)
/*!40000 ALTER TABLE `opciones_disponibles` DISABLE KEYS */;
INSERT INTO `opciones_disponibles` (`CODIGO_RECURSO`, `CODIGO_OPCION`, `NOMBRE_OPCION`) VALUES
	('ControlCita', 'EX', 'EXPORTAR'),
	('ControlCita', 'L', 'LISTAR'),
	('ControlCliente', 'L', 'LISTAR');
/*!40000 ALTER TABLE `opciones_disponibles` ENABLE KEYS */;

-- Volcando estructura para tabla datapets.pais
CREATE TABLE IF NOT EXISTS `pais` (
  `idpais` int(11) NOT NULL,
  `departamento_iddepartamento` int(11) NOT NULL,
  PRIMARY KEY (`idpais`),
  KEY `fk_pais_departamento1_idx` (`departamento_iddepartamento`),
  CONSTRAINT `fk_pais_departamento1` FOREIGN KEY (`departamento_iddepartamento`) REFERENCES `departamento` (`iddepartamento`) ON DELETE NO ACTION ON UPDATE NO ACTION
) ENGINE=InnoDB DEFAULT CHARSET=utf8;

-- Volcando datos para la tabla datapets.pais: ~0 rows (aproximadamente)
/*!40000 ALTER TABLE `pais` DISABLE KEYS */;
/*!40000 ALTER TABLE `pais` ENABLE KEYS */;

-- Volcando estructura para tabla datapets.paises
CREATE TABLE IF NOT EXISTS `paises` (
  `CODIGO_PAIS` varchar(3) NOT NULL,
  `NOMBRE_PAIS` varchar(255) NOT NULL,
  PRIMARY KEY (`CODIGO_PAIS`)
) ENGINE=InnoDB DEFAULT CHARSET=utf8;

-- Volcando datos para la tabla datapets.paises: ~235 rows (aproximadamente)
/*!40000 ALTER TABLE `paises` DISABLE KEYS */;
INSERT INTO `paises` (`CODIGO_PAIS`, `NOMBRE_PAIS`) VALUES
	('AD', 'Andorra'),
	('AE', 'Emiratos Arabes Unid'),
	('AF', 'Afganistan'),
	('AG', 'Antigua Y Barbuda'),
	('AI', 'Anguilla'),
	('AL', 'Albania'),
	('AM', 'Armenia'),
	('AN', 'Antillas Holandesas'),
	('AO', 'Angola'),
	('AR', 'Argentina'),
	('AS', 'Samoa Norteamericana'),
	('AT', 'Austria'),
	('AU', 'Australia'),
	('AW', 'Aruba'),
	('AZ', 'Azerbaijan'),
	('BA', 'Bosnia-Herzegovina'),
	('BB', 'Barbados'),
	('BD', 'Bangladesh'),
	('BE', 'Belgica'),
	('BF', 'Burkina Fasso'),
	('BG', 'Bulgaria'),
	('BH', 'Bahrein'),
	('BI', 'Burundi'),
	('BJ', 'Benin'),
	('BM', 'Bermudas'),
	('BN', 'Brunei Darussalam'),
	('BO', 'Bolivia'),
	('BR', 'Brasil'),
	('BS', 'Bahamas'),
	('BT', 'Butan'),
	('BW', 'Botswana'),
	('BY', 'Belorus'),
	('BZ', 'Belice'),
	('CA', 'Canada'),
	('CC', 'Cocos (Keeling), Isl'),
	('CD', 'Republica Democratica Del Congo'),
	('CF', 'Republica Centroafri'),
	('CG', 'Congo'),
	('CH', 'Suiza'),
	('CI', 'Costa De Marfil'),
	('CK', 'Cook, Islas'),
	('CL', 'Chile'),
	('CM', 'Camerun, Republica U'),
	('CN', 'China'),
	('CO', 'Colombia'),
	('CR', 'Costa Rica'),
	('CU', 'Cuba'),
	('CV', 'Cabo Verde'),
	('CX', 'Navidad (Christmas)'),
	('CY', 'Chipre'),
	('CZ', 'Republica Checa'),
	('DE', 'Alemania'),
	('DJ', 'Djibouti'),
	('DK', 'Dinamarca'),
	('DM', 'Dominica'),
	('DO', 'Republica Dominicana'),
	('DZ', 'Argelia'),
	('EC', 'Ecuador'),
	('EE', 'Estonia'),
	('EG', 'Egipto'),
	('EH', 'Sahara Occidental'),
	('ER', 'Eritrea'),
	('ES', 'Espa침a'),
	('ET', 'Etiopia'),
	('EU', 'Comunidad Europea'),
	('FI', 'Finlandia'),
	('FJ', 'Fiji'),
	('FM', 'Micronesia,Estados F'),
	('FO', 'Feroe, Islas'),
	('FR', 'Francia'),
	('GA', 'Gabon'),
	('GB', 'Reino Unido'),
	('GD', 'Granada'),
	('GE', 'Georgia'),
	('GF', 'Guayana Francesa'),
	('GH', 'Ghana'),
	('GI', 'Gibraltar'),
	('GL', 'Groenlandia'),
	('GM', 'Gambia'),
	('GN', 'Guinea'),
	('GP', 'Guadalupe'),
	('GQ', 'Guinea Ecuatorial'),
	('GR', 'Grecia'),
	('GT', 'Guatemala'),
	('GU', 'Guam'),
	('GW', 'Guinea - Bissau'),
	('GY', 'Guyana'),
	('HK', 'Hong Kong'),
	('HN', 'Honduras'),
	('HR', 'Croacia'),
	('HT', 'Haiti'),
	('HU', 'Hungria'),
	('ID', 'Indonesia'),
	('IE', 'Irlanda (Eire)'),
	('IL', 'Israel'),
	('IN', 'India'),
	('IO', 'Territori Britanico'),
	('IQ', 'Irak'),
	('IR', 'Iran, Republica Isla'),
	('IS', 'Islandia'),
	('IT', 'Italia'),
	('JM', 'Jamaica'),
	('JO', 'Jordania'),
	('JP', 'Japon'),
	('KE', 'Kenya'),
	('KG', 'Kirguizistan'),
	('KH', 'Kampuchea (Camboya)'),
	('KI', 'Kiribati'),
	('KM', 'Comoras'),
	('KN', 'San Cristobal Y Nieves'),
	('KP', 'Corea Del Norte,Repu'),
	('KR', 'Corea Del Sur, Repub'),
	('KW', 'Kuwait'),
	('KY', 'Caiman, Islas'),
	('KZ', 'Kazajstan'),
	('LA', 'Laos,Republica Popul'),
	('LB', 'Libano'),
	('LC', 'Santa Lucia'),
	('LI', 'Liechtenstein'),
	('LK', 'Sri Lanka'),
	('LR', 'Liberia'),
	('LS', 'Lesotho'),
	('LT', 'Lituania'),
	('LU', 'Luxemburgo'),
	('LV', 'Letonia'),
	('LY', 'Libia(Incluye Fezzan'),
	('MA', 'Marruecos'),
	('MC', 'Monaco'),
	('MD', 'Moldavia'),
	('MG', 'Madagascar'),
	('MH', 'Marshall, Islas'),
	('MK', 'Macedonia'),
	('ML', 'Mali'),
	('MM', 'Birmania (Myanmar)'),
	('MN', 'Mongolia'),
	('MO', 'Macao'),
	('MP', 'Marianas Del Norte,I'),
	('MQ', 'Martinica'),
	('MR', 'Mauritania'),
	('MS', 'Monserrat, Isla'),
	('MT', 'Malta'),
	('MU', 'Mauricio'),
	('MV', 'Maldivas'),
	('MW', 'Malawi'),
	('MX', 'Mexico'),
	('MY', 'Malasia'),
	('MZ', 'Mozambique'),
	('NA', 'Namibia'),
	('NC', 'Nueva Caledonia'),
	('NE', 'Niger'),
	('NF', 'Norfolk, Isla'),
	('NG', 'Nigeria'),
	('NI', 'Nicaragua'),
	('NL', 'Paises Bajos(Holanda'),
	('NO', 'Noruega'),
	('NP', 'Nepal'),
	('NR', 'Nauru'),
	('NU', 'Nive Isla'),
	('NZ', 'Nueva Zelandia'),
	('OM', 'Oman'),
	('PA', 'Panama'),
	('PE', 'Peru'),
	('PF', 'Polinesia Francesa'),
	('PG', 'Papuasia Nuev Guinea'),
	('PH', 'Filipinas'),
	('PK', 'Pakistan'),
	('PL', 'Polonia'),
	('PM', 'San Pedro Y Miguelon'),
	('PN', 'Pitcairn, Isla'),
	('PR', 'Puerto Rico'),
	('PS', 'Palestina'),
	('PT', 'Portugal'),
	('PW', 'Palau, Islas'),
	('PY', 'Paraguay'),
	('QA', 'Qatar'),
	('RE', 'Reunion'),
	('RO', 'Rumania'),
	('RU', 'Rusia'),
	('RW', 'Rwanda'),
	('SA', 'Arabia Saudita'),
	('SB', 'Salomsn, Islas'),
	('SC', 'Seychelles'),
	('SD', 'Sudan'),
	('SE', 'Suecia'),
	('SG', 'Singapur'),
	('SH', 'Santa Elena'),
	('SI', 'Eslovenia'),
	('SK', 'Eslovaquia'),
	('SL', 'Sierra Leona'),
	('SM', 'San Marino'),
	('SN', 'Senegal'),
	('SO', 'Somalia'),
	('SR', 'Surinam'),
	('ST', 'Santo Tome Y Princip'),
	('SV', 'El Salvador'),
	('SY', 'Siria,Republica Arab'),
	('SZ', 'Swazilandia'),
	('TC', 'Turcas Y Caicos,Isla'),
	('TD', 'Chad'),
	('TG', 'Togo'),
	('TH', 'Tailandia'),
	('TJ', 'Tadjikistan'),
	('TK', 'Tokelau'),
	('TL', 'Timor Del Este'),
	('TM', 'Turkmenistan'),
	('TN', 'Tunicia'),
	('TO', 'Tonga'),
	('TP', 'Timor Del Este'),
	('TR', 'Turquia'),
	('TT', 'Trinidad Y Tobago'),
	('TV', 'Tuvalu'),
	('TW', 'Taiwan (Formosa)'),
	('TZ', 'Tanzania,Republica U'),
	('UA', 'Ucrania'),
	('UG', 'Uganda'),
	('UM', 'Islas Menores De Estados Unidos'),
	('UN', 'Niue, Isla'),
	('US', 'Estados Unidos'),
	('UY', 'Uruguay'),
	('UZ', 'Uzbekistan'),
	('VA', 'Ciudad Del Vaticano'),
	('VC', 'San Vicente Y Las Gr'),
	('VE', 'Venezuela'),
	('VG', 'Virgenes,Islas(Brita'),
	('VI', 'Virgenes,Islas(Norte'),
	('VN', 'Vietnam'),
	('VU', 'Vanuatu'),
	('WF', 'Wallis Y Fortuna,Isl'),
	('WS', 'Samoa'),
	('YE', 'Yemen'),
	('YU', 'Yugoslavia'),
	('ZA', 'Sudafrica,Republica'),
	('ZM', 'Zambia'),
	('ZR', 'Zaire'),
	('ZW', 'Zimbabwe');
/*!40000 ALTER TABLE `paises` ENABLE KEYS */;

-- Volcando estructura para tabla datapets.parametros
CREATE TABLE IF NOT EXISTS `parametros` (
  `CODIGO` varchar(80) NOT NULL,
  `VALOR` text,
  `VALORES` varchar(255) DEFAULT NULL,
  PRIMARY KEY (`CODIGO`)
) ENGINE=InnoDB DEFAULT CHARSET=utf8;

-- Volcando datos para la tabla datapets.parametros: ~0 rows (aproximadamente)
/*!40000 ALTER TABLE `parametros` DISABLE KEYS */;
/*!40000 ALTER TABLE `parametros` ENABLE KEYS */;

-- Volcando estructura para tabla datapets.permisos
CREATE TABLE IF NOT EXISTS `permisos` (
  `CODIGO_RECURSO` varchar(50) NOT NULL,
  `CODIGO_OPCION` char(2) NOT NULL,
  `CODIGO_ROL` varchar(10) NOT NULL
) ENGINE=InnoDB DEFAULT CHARSET=utf8;

-- Volcando datos para la tabla datapets.permisos: ~2 rows (aproximadamente)
/*!40000 ALTER TABLE `permisos` DISABLE KEYS */;
INSERT INTO `permisos` (`CODIGO_RECURSO`, `CODIGO_OPCION`, `CODIGO_ROL`) VALUES
	('ControlCita', 'A', 'ROOT'),
	('ControlCliente', 'A', 'ROOT');
/*!40000 ALTER TABLE `permisos` ENABLE KEYS */;

-- Volcando estructura para tabla datapets.permisos_usuarios
CREATE TABLE IF NOT EXISTS `permisos_usuarios` (
  `CODIGO_RECURSO` varchar(50) DEFAULT NULL,
  `CODIGO_OPCION` char(2) DEFAULT NULL,
  `LOGIN` varchar(15) DEFAULT NULL,
  `REGLA` varchar(1) DEFAULT NULL
) ENGINE=InnoDB DEFAULT CHARSET=utf8;

-- Volcando datos para la tabla datapets.permisos_usuarios: ~1 rows (aproximadamente)
/*!40000 ALTER TABLE `permisos_usuarios` DISABLE KEYS */;
INSERT INTO `permisos_usuarios` (`CODIGO_RECURSO`, `CODIGO_OPCION`, `LOGIN`, `REGLA`) VALUES
	('ControlCita', 'L', 'Jepetto308', '1');
/*!40000 ALTER TABLE `permisos_usuarios` ENABLE KEYS */;

-- Volcando estructura para tabla datapets.publicaciones
CREATE TABLE IF NOT EXISTS `publicaciones` (
  `idpublicaciones` int(11) NOT NULL AUTO_INCREMENT,
  `titulo` varchar(60) NOT NULL,
  `descripcion` varchar(45) DEFAULT NULL,
  `fecha` date NOT NULL,
  `precio` int(20) NOT NULL,
  `independiente_ndocumento` int(11) NOT NULL,
  `categorias_idcategorias` int(11) NOT NULL,
  `servicio_idservicio` int(11) NOT NULL,
  PRIMARY KEY (`idpublicaciones`,`independiente_ndocumento`),
  KEY `fk_publicaciones_independiente1_idx` (`independiente_ndocumento`),
  KEY `fk_publicaciones_categorias1_idx` (`categorias_idcategorias`),
  KEY `fk_publicaciones_subcategorias1_idx` (`servicio_idservicio`),
  CONSTRAINT `publicaciones_ibfk_1` FOREIGN KEY (`servicio_idservicio`) REFERENCES `servicio` (`idservicio`)
) ENGINE=InnoDB AUTO_INCREMENT=11 DEFAULT CHARSET=utf8;

-- Volcando datos para la tabla datapets.publicaciones: ~10 rows (aproximadamente)
/*!40000 ALTER TABLE `publicaciones` DISABLE KEYS */;
INSERT INTO `publicaciones` (`idpublicaciones`, `titulo`, `descripcion`, `fecha`, `precio`, `independiente_ndocumento`, `categorias_idcategorias`, `servicio_idservicio`) VALUES
	(1, 'hiyi', 'uiyui', '2017-09-24', 564356, 38, 1, 2),
	(2, 'gjghj', 'ghjhgjgh', '2017-09-24', 54645, 38, 1, 2),
	(3, 'Arreglo ba츾췀os', 'Excelente servicio, cambio valvulas', '2017-09-24', 50000, 38, 1, 2),
	(4, 'Arreglo chapas', 'Excelente servicio, full Hd', '2017-09-24', 654989, 38, 1, 2),
	(5, 'Aseo por d츾춼a a casas', 'Excelente servicio, limpieza garantizada', '2017-09-24', 1000, 31, 1, 1),
	(6, 'Destaqueo ba츾췀os', 'Excelente servicios, full hd', '2017-09-24', 1000, 31, 1, 2),
	(7, 'Copias de llaves a domicilio', 'En menos de un minuto', '2017-09-24', 2000, 31, 1, 2),
	(8, 'Modelos Entidad Relacion', 'Analista Jr, BD.', '2017-09-24', 7889, 40, 2, 4),
	(9, 'Paginas Web', 'El Mejor Servicio, ofresco 3 planes , basico,', '2017-09-24', 12354, 40, 2, 3),
	(10, 'ASEO PARA CASAS', 'TRABAJO POR DIA', '2017-09-25', 1234, 38, 1, 1);
/*!40000 ALTER TABLE `publicaciones` ENABLE KEYS */;

-- Volcando estructura para tabla datapets.recursos_seguridad
CREATE TABLE IF NOT EXISTS `recursos_seguridad` (
  `CODIGO_RECURSO` varchar(50) NOT NULL,
  `NOMBRE_RECURSO` varchar(120) NOT NULL,
  PRIMARY KEY (`CODIGO_RECURSO`)
) ENGINE=InnoDB DEFAULT CHARSET=utf8;

-- Volcando datos para la tabla datapets.recursos_seguridad: ~0 rows (aproximadamente)
/*!40000 ALTER TABLE `recursos_seguridad` DISABLE KEYS */;
/*!40000 ALTER TABLE `recursos_seguridad` ENABLE KEYS */;

-- Volcando estructura para tabla datapets.reputacion
CREATE TABLE IF NOT EXISTS `reputacion` (
  `idreputacion` int(11) NOT NULL AUTO_INCREMENT,
  PRIMARY KEY (`idreputacion`)
) ENGINE=InnoDB AUTO_INCREMENT=2 DEFAULT CHARSET=utf8;

-- Volcando datos para la tabla datapets.reputacion: ~1 rows (aproximadamente)
/*!40000 ALTER TABLE `reputacion` DISABLE KEYS */;
INSERT INTO `reputacion` (`idreputacion`) VALUES
	(1);
/*!40000 ALTER TABLE `reputacion` ENABLE KEYS */;

-- Volcando estructura para tabla datapets.rol
CREATE TABLE IF NOT EXISTS `rol` (
  `idrol` int(11) NOT NULL AUTO_INCREMENT,
  `usuarios` varchar(20) NOT NULL,
  `independiente` varchar(20) NOT NULL,
  `cliente` varchar(20) NOT NULL,
  `manager` varchar(10) NOT NULL,
  PRIMARY KEY (`idrol`)
) ENGINE=InnoDB AUTO_INCREMENT=4 DEFAULT CHARSET=utf8;

-- Volcando datos para la tabla datapets.rol: ~3 rows (aproximadamente)
/*!40000 ALTER TABLE `rol` DISABLE KEYS */;
INSERT INTO `rol` (`idrol`, `usuarios`, `independiente`, `cliente`, `manager`) VALUES
	(1, 'independiente', '1', '0', '0'),
	(2, 'cliente', '0', '1', '0'),
	(3, 'manager', '0', '0', '1');
/*!40000 ALTER TABLE `rol` ENABLE KEYS */;

-- Volcando estructura para tabla datapets.roles
CREATE TABLE IF NOT EXISTS `roles` (
  `CODIGO_ROL` varchar(10) NOT NULL,
  `NOMBRE_ROL` varchar(100) NOT NULL,
  `DESCRIPCION` varchar(255) DEFAULT NULL,
  PRIMARY KEY (`CODIGO_ROL`)
) ENGINE=InnoDB DEFAULT CHARSET=utf8;

-- Volcando datos para la tabla datapets.roles: ~2 rows (aproximadamente)
/*!40000 ALTER TABLE `roles` DISABLE KEYS */;
INSERT INTO `roles` (`CODIGO_ROL`, `NOMBRE_ROL`, `DESCRIPCION`) VALUES
	('AUX', 'Auxiliar', 'Auxiliar Operativo del sistema'),
	('ROOT', 'Administrador', 'Super usuario del sistema');
/*!40000 ALTER TABLE `roles` ENABLE KEYS */;

-- Volcando estructura para tabla datapets.servicio
CREATE TABLE IF NOT EXISTS `servicio` (
  `idservicio` int(11) NOT NULL AUTO_INCREMENT,
  `nombre` varchar(45) NOT NULL,
  `tipo_servicio` varchar(45) NOT NULL,
  `categoria` varchar(45) NOT NULL,
  `categorias_idcategorias` int(11) NOT NULL,
  `independiente_ndocumento` int(11) NOT NULL,
  PRIMARY KEY (`idservicio`),
  KEY `fk_servicio_independiente1_idx` (`independiente_ndocumento`),
  KEY `fk_servicio_categorias1_idx` (`categorias_idcategorias`),
  CONSTRAINT `fk_servicio_categorias1` FOREIGN KEY (`categorias_idcategorias`) REFERENCES `categorias` (`idcategorias`) ON DELETE NO ACTION ON UPDATE NO ACTION,
  CONSTRAINT `fk_servicio_independiente_independiente1` FOREIGN KEY (`independiente_ndocumento`) REFERENCES `independiente` (`idindependiente`) ON DELETE NO ACTION ON UPDATE NO ACTION
) ENGINE=InnoDB AUTO_INCREMENT=6 DEFAULT CHARSET=utf8;

-- Volcando datos para la tabla datapets.servicio: ~5 rows (aproximadamente)
/*!40000 ALTER TABLE `servicio` DISABLE KEYS */;
INSERT INTO `servicio` (`idservicio`, `nombre`, `tipo_servicio`, `categoria`, `categorias_idcategorias`, `independiente_ndocumento`) VALUES
	(1, 'Aseo', 'servicios varios', 'aseadora', 1, 30),
	(2, 'Plomero', 'plomeros', 'plomeria', 1, 30),
	(3, 'Diseno web', '', '', 2, 31),
	(4, 'Analisis BD', '', '', 2, 31),
	(5, 'Desarrollo', '', '', 2, 33);
/*!40000 ALTER TABLE `servicio` ENABLE KEYS */;

-- Volcando estructura para tabla datapets.subcategorias
CREATE TABLE IF NOT EXISTS `subcategorias` (
  `idsubcategorias` int(11) NOT NULL AUTO_INCREMENT,
  `subcategoria` varchar(45) NOT NULL,
  `categoria` varchar(45) NOT NULL,
  `codigo` varchar(45) DEFAULT NULL,
  `categorias_idcategorias` int(11) NOT NULL,
  PRIMARY KEY (`idsubcategorias`,`categorias_idcategorias`),
  KEY `fk_subcategorias_categorias1_idx` (`categorias_idcategorias`),
  CONSTRAINT `fk_subcategorias_categorias1` FOREIGN KEY (`categorias_idcategorias`) REFERENCES `categorias` (`idcategorias`) ON DELETE NO ACTION ON UPDATE NO ACTION
) ENGINE=InnoDB DEFAULT CHARSET=utf8;

-- Volcando datos para la tabla datapets.subcategorias: ~0 rows (aproximadamente)
/*!40000 ALTER TABLE `subcategorias` DISABLE KEYS */;
/*!40000 ALTER TABLE `subcategorias` ENABLE KEYS */;

-- Volcando estructura para tabla datapets.tipos_citas
CREATE TABLE IF NOT EXISTS `tipos_citas` (
  `ID_TIPO_CITA` int(11) NOT NULL AUTO_INCREMENT,
  `CODIGO_TIPO_CITA` char(5) DEFAULT NULL,
  `NOMBRE_TIPO_CITA` varchar(30) DEFAULT NULL,
  PRIMARY KEY (`ID_TIPO_CITA`)
) ENGINE=InnoDB AUTO_INCREMENT=4 DEFAULT CHARSET=utf8;

-- Volcando datos para la tabla datapets.tipos_citas: ~3 rows (aproximadamente)
/*!40000 ALTER TABLE `tipos_citas` DISABLE KEYS */;
INSERT INTO `tipos_citas` (`ID_TIPO_CITA`, `CODIGO_TIPO_CITA`, `NOMBRE_TIPO_CITA`) VALUES
	(1, 'AC1', 'BA칌O'),
	(2, 'AC2', 'CEPILLADO'),
	(3, 'AC3', 'BA칌O Y CEPILLADO');
/*!40000 ALTER TABLE `tipos_citas` ENABLE KEYS */;

-- Volcando estructura para tabla datapets.tipos_documentos
CREATE TABLE IF NOT EXISTS `tipos_documentos` (
  `CODIGO_TIPO_DOCUMENTO` char(2) NOT NULL,
  `NOMBRE_TIPO_DOCUMENTO` varchar(150) NOT NULL,
  PRIMARY KEY (`CODIGO_TIPO_DOCUMENTO`)
) ENGINE=InnoDB DEFAULT CHARSET=utf8;

-- Volcando datos para la tabla datapets.tipos_documentos: ~14 rows (aproximadamente)
/*!40000 ALTER TABLE `tipos_documentos` DISABLE KEYS */;
INSERT INTO `tipos_documentos` (`CODIGO_TIPO_DOCUMENTO`, `NOMBRE_TIPO_DOCUMENTO`) VALUES
	('11', 'Registro Civil de Nacimiento'),
	('12', 'Tarjeta de Identidad'),
	('13', 'C칠dula de ciudadan칤a'),
	('14', 'Certificado de la Registraduria para sucesiones iliquidas de personas naturales que no tienen ningun documento de identificacion'),
	('15', 'Tipo de documento que identifica una sucesion iliquida, expedido por la notaria o por un juzgado'),
	('21', 'Tarjeta de extranjer칤a'),
	('22', 'C칠dula de extranjer칤a'),
	('31', 'NIT'),
	('33', 'Identificacion de Extranjeros Diferentes al NIT asignado por la DIAN'),
	('41', 'Pasaporte'),
	('42', 'Documento de identificaci칩n extranjero'),
	('43', 'Sin identificacion del exterior o para uso definido por la DIAN'),
	('44', 'Documento de Identificacion extranjero Persona Juridica'),
	('46', 'Carnet Diplomatico');
/*!40000 ALTER TABLE `tipos_documentos` ENABLE KEYS */;

-- Volcando estructura para tabla datapets.usuario
CREATE TABLE IF NOT EXISTS `usuario` (
  `idusuario` int(11) NOT NULL AUTO_INCREMENT,
  `n_documento` int(11) NOT NULL,
  `tipo_documento` varchar(50) NOT NULL,
  `fecha_nacimiento` date NOT NULL,
  `fecha_expedicion` date NOT NULL,
  `primer_nombre` varchar(45) NOT NULL,
  `segundo_nombre` varchar(45) DEFAULT NULL,
  `primer_apellido` varchar(45) NOT NULL,
  `segundo_apellido` varchar(45) DEFAULT NULL,
  `correo` varchar(45) DEFAULT NULL,
  `telefono` int(11) DEFAULT NULL,
  `celular` int(11) DEFAULT NULL,
  `direccion` varchar(45) DEFAULT NULL,
  `usuario` varchar(45) DEFAULT NULL,
  `password` varchar(45) DEFAULT NULL,
  `rol_idrol` int(11) NOT NULL,
  PRIMARY KEY (`idusuario`),
  UNIQUE KEY `n_documento_UNIQUE` (`n_documento`),
  KEY `fk_usuario_rol1_idx` (`rol_idrol`),
  CONSTRAINT `fk_usuario_rol1` FOREIGN KEY (`rol_idrol`) REFERENCES `rol` (`idrol`) ON DELETE NO ACTION ON UPDATE NO ACTION
) ENGINE=InnoDB DEFAULT CHARSET=utf8;

-- Volcando datos para la tabla datapets.usuario: ~0 rows (aproximadamente)
/*!40000 ALTER TABLE `usuario` DISABLE KEYS */;
/*!40000 ALTER TABLE `usuario` ENABLE KEYS */;

-- Volcando estructura para tabla datapets.usuarios
CREATE TABLE IF NOT EXISTS `usuarios` (
  `numero_identificacion` varchar(20) NOT NULL,
  `nombre` varchar(30) NOT NULL,
  `apellidos` varchar(120) NOT NULL,
  `username` varchar(20) NOT NULL,
  `password` text NOT NULL,
  `sexo` char(1) NOT NULL,
  `codigo_rol` varchar(10) NOT NULL,
  `telefono` varchar(20) NOT NULL,
  `foto_perfil` longblob,
  `estado` varchar(1) NOT NULL,
  PRIMARY KEY (`numero_identificacion`),
  KEY `fk_codigo_rol` (`codigo_rol`),
  CONSTRAINT `fk_codigo_rol` FOREIGN KEY (`codigo_rol`) REFERENCES `roles` (`CODIGO_ROL`)
) ENGINE=InnoDB DEFAULT CHARSET=utf8;

-- Volcando datos para la tabla datapets.usuarios: ~2 rows (aproximadamente)
/*!40000 ALTER TABLE `usuarios` DISABLE KEYS */;
INSERT INTO `usuarios` (`numero_identificacion`, `nombre`, `apellidos`, `username`, `password`, `sexo`, `codigo_rol`, `telefono`, `foto_perfil`, `estado`) VALUES
	('1152706883', 'Jefferson', 'Palacios Torres', 'Jepetto308', 'eQzdLaNhKBtft5ZNVwMcug==', 'M', 'ROOT', '31082906491', _binary '', 'A'),
	('1152707883', 'Luis Antonio', 'Morales Morales', 'LuisAnt', 'eQzdLaNhKBtft5ZNVwMcug==', 'M', 'AUX', '564866', NULL, 'A');
/*!40000 ALTER TABLE `usuarios` ENABLE KEYS */;

/*!40101 SET SQL_MODE=IFNULL(@OLD_SQL_MODE, '') */;
/*!40014 SET FOREIGN_KEY_CHECKS=IF(@OLD_FOREIGN_KEY_CHECKS IS NULL, 1, @OLD_FOREIGN_KEY_CHECKS) */;
/*!40101 SET CHARACTER_SET_CLIENT=@OLD_CHARACTER_SET_CLIENT */;
